relative_path,sha256,source_json,source_json_sha256,source_field_path
figures/figure_01_cohort_flow_en.png,bd39fc0143e2abb4c4d46efd7bfb2f2b95038107ee0dec756a03abadb4062826,report_data.json,d9ae6d45308912b9dd6b23c26918bbcbb3790244d6a2575cd5b64d236d8d2807,cohort
figures/figure_01_cohort_flow_en.svg,4845fffc4e2288151058dcef8b12c99683085056f1e1da45192ba5747e969aca,report_data.json,d9ae6d45308912b9dd6b23c26918bbcbb3790244d6a2575cd5b64d236d8d2807,cohort
figures/figure_01_cohort_flow_zh.png,ca0e1f61aa2709758ed5f91b718a2586707b2807e9e2f9730fbf0e470b30cb61,report_data.json,d9ae6d45308912b9dd6b23c26918bbcbb3790244d6a2575cd5b64d236d8d2807,cohort
figures/figure_01_cohort_flow_zh.svg,d31f356f8ae240132770326cf29fcca805a82f8b1b7d733f4b160e0760385ed0,report_data.json,d9ae6d45308912b9dd6b23c26918bbcbb3790244d6a2575cd5b64d236d8d2807,cohort
figures/figure_02_primary_performance_en.png,e8fa8a2127dfc1e2951a1d6671a6e1cd8b9d77a096e1feed4668f215f1b8b0b7,report_data.json,d9ae6d45308912b9dd6b23c26918bbcbb3790244d6a2575cd5b64d236d8d2807,task.models;bootstrap.models
figures/figure_02_primary_performance_en.svg,6fdfe015e55bd91f977312269c3cb4e66681eb5457088cd09dfcafd3d6e66046,report_data.json,d9ae6d45308912b9dd6b23c26918bbcbb3790244d6a2575cd5b64d236d8d2807,task.models;bootstrap.models
figures/figure_02_primary_performance_zh.png,706b24cd3096e4e70473f52754eb506c5ce347bb66e9c95cdddd6bdf90690673,report_data.json,d9ae6d45308912b9dd6b23c26918bbcbb3790244d6a2575cd5b64d236d8d2807,task.models;bootstrap.models
figures/figure_02_primary_performance_zh.svg,ccd1621d4166052d4d50f5efa1c7e82823d86ba9ee6378f6b5ced7501c0a52f7,report_data.json,d9ae6d45308912b9dd6b23c26918bbcbb3790244d6a2575cd5b64d236d8d2807,task.models;bootstrap.models
figures/figure_03_paired_mae_en.png,5b927604bb0c8b75e1152109321daf2db87f60e028d4136a1a9f71faf7c77f16,report_data.json,d9ae6d45308912b9dd6b23c26918bbcbb3790244d6a2575cd5b64d236d8d2807,bootstrap.paired_mae_A_minus_B
figures/figure_03_paired_mae_en.svg,1cf8f7f64249cb1eded941f80aa6ee8e5c78bdf5753ccf111c238ffed4042c00,report_data.json,d9ae6d45308912b9dd6b23c26918bbcbb3790244d6a2575cd5b64d236d8d2807,bootstrap.paired_mae_A_minus_B
figures/figure_03_paired_mae_zh.png,de32b2d856f55303ad65ff67bb5cafd02b78b3e7fa77c725d14c0b5921ed266f,report_data.json,d9ae6d45308912b9dd6b23c26918bbcbb3790244d6a2575cd5b64d236d8d2807,bootstrap.paired_mae_A_minus_B
figures/figure_03_paired_mae_zh.svg,9c6a39bf038ae4aa6aa919ca37db2eb3eaf613e62336c2f640fb0ed2036b4280,report_data.json,d9ae6d45308912b9dd6b23c26918bbcbb3790244d6a2575cd5b64d236d8d2807,bootstrap.paired_mae_A_minus_B
figures/figure_04_secondary_en.png,36bb50d6ce91e2c7b3c44bc253601b0aa83840e559c5b8e3be84391a317df888,report_data.json,d9ae6d45308912b9dd6b23c26918bbcbb3790244d6a2575cd5b64d236d8d2807,task.models.*.pooled_secondary;bootstrap.models
figures/figure_04_secondary_en.svg,8030ac4f0e7bd0b40b10727ca2b0ed85ea6132d964c6dd0379839ee1910028c3,report_data.json,d9ae6d45308912b9dd6b23c26918bbcbb3790244d6a2575cd5b64d236d8d2807,task.models.*.pooled_secondary;bootstrap.models
figures/figure_04_secondary_zh.png,172a28c3023c69f5d87af76af21285dc4fe8fd7efa8e02d9168f0469e8cac516,report_data.json,d9ae6d45308912b9dd6b23c26918bbcbb3790244d6a2575cd5b64d236d8d2807,task.models.*.pooled_secondary;bootstrap.models
figures/figure_04_secondary_zh.svg,05ee2672fc8ae62671c535bbecb600aa9ac76c139f8c6d0183cc1af62d59a8e4,report_data.json,d9ae6d45308912b9dd6b23c26918bbcbb3790244d6a2575cd5b64d236d8d2807,task.models.*.pooled_secondary;bootstrap.models
figures/figure_05_concept_metrics_en.png,d4032fa5cdf3115f47a1e3441c0144efd0ddd3b2c570b8c07ce85635476496da,report_data.json,d9ae6d45308912b9dd6b23c26918bbcbb3790244d6a2575cd5b64d236d8d2807,concept
figures/figure_05_concept_metrics_en.svg,1c9309bb6e63792cc77fc8d7cd849300dde73147fd068daeab5092460d2897ea,report_data.json,d9ae6d45308912b9dd6b23c26918bbcbb3790244d6a2575cd5b64d236d8d2807,concept
figures/figure_05_concept_metrics_zh.png,0c3787494939936aff2b19c41c0c1bdbc8ac388cf83aae4a3291609111626a29,report_data.json,d9ae6d45308912b9dd6b23c26918bbcbb3790244d6a2575cd5b64d236d8d2807,concept
figures/figure_05_concept_metrics_zh.svg,010cc3970f074f172a68b2e58f89e312c934bc69bf17743b9783c3b1e7c02b64,report_data.json,d9ae6d45308912b9dd6b23c26918bbcbb3790244d6a2575cd5b64d236d8d2807,concept
figures/figure_06_intervention_curves_en.png,85412cc7ae23b32219c774afffaaf7cd10456afb606c87b24f8fea28eadcb606,report_data.json,d9ae6d45308912b9dd6b23c26918bbcbb3790244d6a2575cd5b64d236d8d2807,intervention
figures/figure_06_intervention_curves_en.svg,242c99dd24ed953de5bf932c820519248b004bc198f6731983429b71cf022840,report_data.json,d9ae6d45308912b9dd6b23c26918bbcbb3790244d6a2575cd5b64d236d8d2807,intervention
figures/figure_06_intervention_curves_zh.png,bb088e10ad0ea93f27a0856908916b0a6fced77db885941b420cf367823d614a,report_data.json,d9ae6d45308912b9dd6b23c26918bbcbb3790244d6a2575cd5b64d236d8d2807,intervention
figures/figure_06_intervention_curves_zh.svg,ca7fe3016c75481055a5c2909cd290cefc8a8764c4a90e236aab87f305a7c86f,report_data.json,d9ae6d45308912b9dd6b23c26918bbcbb3790244d6a2575cd5b64d236d8d2807,intervention
figures/figure_07_centered_contributions_en.png,c46b3f310eb30c3cc7df61b31bb066754b74cce37dec25f08cd444436a7dc2e2,report_data.json,d9ae6d45308912b9dd6b23c26918bbcbb3790244d6a2575cd5b64d236d8d2807,contribution_centering
figures/figure_07_centered_contributions_en.svg,2b699d0c70ce1d740cf743569deb4eb75a55ae7620552c364834be055a31b2c4,report_data.json,d9ae6d45308912b9dd6b23c26918bbcbb3790244d6a2575cd5b64d236d8d2807,contribution_centering
figures/figure_07_centered_contributions_zh.png,5093774e483e73bd0b60d714256e11436b1333ee99dda7014a3e18e5f9b3d9e9,report_data.json,d9ae6d45308912b9dd6b23c26918bbcbb3790244d6a2575cd5b64d236d8d2807,contribution_centering
figures/figure_07_centered_contributions_zh.svg,5139916521c17a7bba9631b93a5da61cca24288bf9a043ac1df6d9ea881bffb1,report_data.json,d9ae6d45308912b9dd6b23c26918bbcbb3790244d6a2575cd5b64d236d8d2807,contribution_centering
figures/figure_08_learned_alpha_en.png,d48e266c33733171080512779363c7689e29dc3f3d8e54a228ed334b7237a871,report_data.json,d9ae6d45308912b9dd6b23c26918bbcbb3790244d6a2575cd5b64d236d8d2807,learned_alpha
figures/figure_08_learned_alpha_en.svg,8e12189021c207250e1122f0004dcbed4f9b3318e23058d1c49fd04613a62a82,report_data.json,d9ae6d45308912b9dd6b23c26918bbcbb3790244d6a2575cd5b64d236d8d2807,learned_alpha
figures/figure_08_learned_alpha_zh.png,176ca573c3a4b277f8e36eb7276aaef821c4d76c7f93976906c4c9a2ba81dcb9,report_data.json,d9ae6d45308912b9dd6b23c26918bbcbb3790244d6a2575cd5b64d236d8d2807,learned_alpha
figures/figure_08_learned_alpha_zh.svg,8832bc405d789cffe42e19e79362e67b8c7f70296bb02ea146cb1285007a9fb9,report_data.json,d9ae6d45308912b9dd6b23c26918bbcbb3790244d6a2575cd5b64d236d8d2807,learned_alpha
figures/figure_09_gradcam_undefined_en.png,a6fe65f2389736c5a9e40051d2673026914873b829f9c31bf1170c89fa5e784a,report_data.json,d9ae6d45308912b9dd6b23c26918bbcbb3790244d6a2575cd5b64d236d8d2807,gradcam_accounting;spatial.models
figures/figure_09_gradcam_undefined_en.svg,656ccc566cf370ad3929ecbb681cdf4e4ec62da49a416af8b982b869f7ac2ddf,report_data.json,d9ae6d45308912b9dd6b23c26918bbcbb3790244d6a2575cd5b64d236d8d2807,gradcam_accounting;spatial.models
figures/figure_09_gradcam_undefined_zh.png,0268ee23fe66e7d82fff7605ecc849bab542bc9ee03f6b86836b3abd30359a88,report_data.json,d9ae6d45308912b9dd6b23c26918bbcbb3790244d6a2575cd5b64d236d8d2807,gradcam_accounting;spatial.models
figures/figure_09_gradcam_undefined_zh.svg,344fff69d2709d6480c64f95e1318dd5b26c183c463efe480139c788310f6cf3,report_data.json,d9ae6d45308912b9dd6b23c26918bbcbb3790244d6a2575cd5b64d236d8d2807,gradcam_accounting;spatial.models
figures/figure_10_spatial_faithfulness_en.png,10b89de58f1cad632f9e401e2c792491fa4664780404b17a0eb1ad64582f2968,report_data.json,d9ae6d45308912b9dd6b23c26918bbcbb3790244d6a2575cd5b64d236d8d2807,spatial.models.*.pooled_all_targets
figures/figure_10_spatial_faithfulness_en.svg,236e27932c4202fe69c5a73b4175386dc2fc32d050254306b50d05e0adbf9780,report_data.json,d9ae6d45308912b9dd6b23c26918bbcbb3790244d6a2575cd5b64d236d8d2807,spatial.models.*.pooled_all_targets
figures/figure_10_spatial_faithfulness_zh.png,f145f05734060ffe5bc0daf632d9aef6c511c0fee92c33d00b8cb6ba7fbc0af9,report_data.json,d9ae6d45308912b9dd6b23c26918bbcbb3790244d6a2575cd5b64d236d8d2807,spatial.models.*.pooled_all_targets
figures/figure_10_spatial_faithfulness_zh.svg,c2a3a0f06f3df1a8c182460211ca4f859e9d39800a2a58e833dd10bb3d33cc15,report_data.json,d9ae6d45308912b9dd6b23c26918bbcbb3790244d6a2575cd5b64d236d8d2807,spatial.models.*.pooled_all_targets
report_data.json,d9ae6d45308912b9dd6b23c26918bbcbb3790244d6a2575cd5b64d236d8d2807,report_data.json,d9ae6d45308912b9dd6b23c26918bbcbb3790244d6a2575cd5b64d236d8d2807,$
short_en.md,9096552faf66ea3fcff05a5ba62554f5440a30d7c6910e283f4c8edb238e514b,report_data.json,d9ae6d45308912b9dd6b23c26918bbcbb3790244d6a2575cd5b64d236d8d2807,$
short_en.pdf,56a37d8c914bf11e463aec1c38e0f3cd6aa41182e5b6d42255fb26ea873f7193,report_data.json,d9ae6d45308912b9dd6b23c26918bbcbb3790244d6a2575cd5b64d236d8d2807,$
short_zh.md,a02e6fdc6d9ff55d4b7710194572d65222a2d0e85bd8d40daf1cd98afdf8780a,report_data.json,d9ae6d45308912b9dd6b23c26918bbcbb3790244d6a2575cd5b64d236d8d2807,$
short_zh.pdf,6130319690f47058b782fc013bd647fef8601198eb1c5eb6bb045fd158db8a95,report_data.json,d9ae6d45308912b9dd6b23c26918bbcbb3790244d6a2575cd5b64d236d8d2807,$
tables/bilingual_terminology.csv,cb170e8d67418335b0130cae5ba23e307fa2f370bcbb8cb61e0bb9606a2b338e,report_data.json,d9ae6d45308912b9dd6b23c26918bbcbb3790244d6a2575cd5b64d236d8d2807,terminology
tables/centered_contributions.csv,ed4f9a8f8c2fd603ed0a3a256cdc410775775e59ccfa79d1122416e6450f22ef,report_data.json,d9ae6d45308912b9dd6b23c26918bbcbb3790244d6a2575cd5b64d236d8d2807,contribution_centering
tables/concept_metrics.csv,b45c4bee8eced492e0f5e38ad7df3a8471a942789007b0d38fc4075835703e74,report_data.json,d9ae6d45308912b9dd6b23c26918bbcbb3790244d6a2575cd5b64d236d8d2807,concept
tables/data_dictionary_en.csv,38c4d24a5543fec164a691d0d88d1cee04fc1082ee7864a0b82beb952f0d10c1,report_data.json,d9ae6d45308912b9dd6b23c26918bbcbb3790244d6a2575cd5b64d236d8d2807,data_dictionary.en
tables/data_dictionary_zh.csv,cc7b2eb5cc849bada321cac716f7994796c0639a9618420a645221d9ade199a9,report_data.json,d9ae6d45308912b9dd6b23c26918bbcbb3790244d6a2575cd5b64d236d8d2807,data_dictionary.zh
tables/execution_registry.csv,83b222a2990a4a0692ff6e4ae40c5a8ed44275a611132c2e7d0c1d5dc4efb5cf,report_data.json,d9ae6d45308912b9dd6b23c26918bbcbb3790244d6a2575cd5b64d236d8d2807,execution_registry
tables/gradcam_accounting.csv,aabaa95cbc2f5fd60bf1171823cc5ccc30772ed8050d43c81886d562738f1a5a,report_data.json,d9ae6d45308912b9dd6b23c26918bbcbb3790244d6a2575cd5b64d236d8d2807,gradcam_accounting;spatial.models.*.folds.*.targets
tables/intervention_curves.csv,b7cc6ed545ca6f730ec623fbec1a7ad7c6e37f6a68efb02aa20f4f265de8f160,report_data.json,d9ae6d45308912b9dd6b23c26918bbcbb3790244d6a2575cd5b64d236d8d2807,intervention
tables/learned_gam_alpha.csv,b8c0069a12863e52283fcd2134adef858c010a3f67571ff1d5bc3da0af577006,report_data.json,d9ae6d45308912b9dd6b23c26918bbcbb3790244d6a2575cd5b64d236d8d2807,learned_alpha
tables/paired_comparisons.csv,24e138b53a3f0c62d7369b6dcd2b7b253ca259e20963580dbbe5361f12530af4,report_data.json,d9ae6d45308912b9dd6b23c26918bbcbb3790244d6a2575cd5b64d236d8d2807,bootstrap.paired_mae_A_minus_B;bootstrap.paired_auroc_B_minus_A
tables/primary_secondary_metrics.csv,0db35c1b05a70dfef02553e3f1a40839bd24d8d8f8e55e9f2e1fc5e01463a32d,report_data.json,d9ae6d45308912b9dd6b23c26918bbcbb3790244d6a2575cd5b64d236d8d2807,task.models;bootstrap.models
tables/spatial_faithfulness.csv,d8687a610a2fa75f8fa0125885a5784cd036c981975c3c1d00c567ae7afa5467,report_data.json,d9ae6d45308912b9dd6b23c26918bbcbb3790244d6a2575cd5b64d236d8d2807,spatial.models.*.pooled_targets;spatial.models.*.pooled_all_targets
technical_en.md,f365a540b086fc389eb8d608235b575971159414d15d21e5c1a9f637b824ffda,report_data.json,d9ae6d45308912b9dd6b23c26918bbcbb3790244d6a2575cd5b64d236d8d2807,$
technical_en.pdf,f226560cddc4a563ff22aa18b8d637007e8d0b8d829374ee1d472a85f80ee046,report_data.json,d9ae6d45308912b9dd6b23c26918bbcbb3790244d6a2575cd5b64d236d8d2807,$
technical_zh.md,0b9251ae72d7590341dc25463c45350ca9a4c8194147791f76bbd4d1ceaf18cd,report_data.json,d9ae6d45308912b9dd6b23c26918bbcbb3790244d6a2575cd5b64d236d8d2807,$
technical_zh.pdf,d84052ea5199a0a155c59fe4bc03c372b79d7d8b3f2da507989e63c74108d83c,report_data.json,d9ae6d45308912b9dd6b23c26918bbcbb3790244d6a2575cd5b64d236d8d2807,$
visual_qa.json,aa3ff58cb39c37a142c5faa94d601658712339426297b8eb070f6e4351a0427e,report_data.json,d9ae6d45308912b9dd6b23c26918bbcbb3790244d6a2575cd5b64d236d8d2807,$
