catalogue_item_id,category,entity_type,phase,model,fold,concept_or_target,result_name,scientific_question,scientific_status,availability_status,report_usage_status,source_artifact_id,source_root_alias,source_relative_path,source_field_path,source_sha256,row_or_sample_count,privacy_class,new_inference_required,report_section_id,report_table_ids,report_figure_ids,omission_reason,approval_reference,integrity_status,details
RES-P9-FAITHFULNESS-BLACKBOX-MALIGNANCY,CAT-N,spatial_faithfulness_model_target,P9,blackbox,,malignancy,Matched-random spatial faithfulness,Does saliency occlusion differ from matched random occlusion?,PASS,RESULT_ALREADY_EXISTS,USED_MAIN_TEXT,ART-P9-SPATIAL,repo://,artifacts/baseline_v2/audit/p9/spatial.json,models.blackbox.pooled_targets.malignancy,64656d54e573e2ce8c626c6403e6dc295498d233dd90c4152efcd12b9240cfbf,2429,PUBLIC_DEIDENTIFIED,False,SEC-RESULTS-WHERE,"[""RPT-T14""]","[""RPT-F08""]",,RESULTS_CATALOGUE_PLAN:eb3aa9110fc06acd8cd9e2a375b64bcfa5a60d768ef6f37f16e1c693576c5c93,VERIFIED,"{""error_increase"":{""mean"":0.0028693380174386186,""median"":0.0,""percentile_2_5"":-0.06381279826164246,""percentile_97_5"":0.07640693336725232,""saliency_greater_than_matched_random_mean_rate"":0.1440922190201729,""saliency_minus_matched_random_mean"":{""mean"":-0.23540014132767986,""median"":-0.24317418932914736,""percentile_2_5"":-0.7075545760989189,""percentile_97_5"":0.19582875549793236,""sd"":0.22177761087998116},""sample_count"":2429,""sd"":0.034112373915857266},""interpretation"":{""error_increase"":""positive means prediction error worsened"",""output_sensitivity"":""absolute output movement only""},""matched_random_values_per_valid_map"":20,""output_sensitivity"":{""mean"":0.025156586946855915,""median"":0.017182469367980957,""percentile_2_5"":0.0,""percentile_97_5"":0.09506308436393733,""saliency_greater_than_matched_random_mean_rate"":0.008645533141210375,""saliency_minus_matched_random_mean"":{""mean"":-0.3225296794727311,""median"":-0.3162633866071701,""percentile_2_5"":-0.7498106533288956,""percentile_97_5"":-0.01483381047844888,""sd"":0.18186598698186665},""sample_count"":2429,""sd"":0.027525741510950687},""valid_map_count"":2429}"
RES-P9-FAITHFULNESS-BLACKBOX-POOLED,CAT-N,spatial_faithfulness_model_pooled,P9,blackbox,,,All-target pooled spatial faithfulness,What is the model-wide saliency versus random pattern?,PASS,RESULT_ALREADY_EXISTS,USED_MAIN_TEXT,ART-P9-SPATIAL,repo://,artifacts/baseline_v2/audit/p9/spatial.json,models.blackbox.pooled_all_targets,64656d54e573e2ce8c626c6403e6dc295498d233dd90c4152efcd12b9240cfbf,2429,PUBLIC_DEIDENTIFIED,False,SEC-RESULTS-WHERE,"[""RPT-T14""]","[""RPT-F08""]",,RESULTS_CATALOGUE_PLAN:eb3aa9110fc06acd8cd9e2a375b64bcfa5a60d768ef6f37f16e1c693576c5c93,VERIFIED,"{""error_increase"":{""mean"":0.0028693380174386186,""median"":0.0,""percentile_2_5"":-0.06381279826164246,""percentile_97_5"":0.07640693336725232,""saliency_greater_than_matched_random_mean_rate"":0.1440922190201729,""saliency_minus_matched_random_mean"":{""mean"":-0.23540014132767986,""median"":-0.24317418932914736,""percentile_2_5"":-0.7075545760989189,""percentile_97_5"":0.19582875549793236,""sd"":0.22177761087998116},""sample_count"":2429,""sd"":0.034112373915857266},""output_sensitivity"":{""mean"":0.025156586946855915,""median"":0.017182469367980957,""percentile_2_5"":0.0,""percentile_97_5"":0.09506308436393733,""saliency_greater_than_matched_random_mean_rate"":0.008645533141210375,""saliency_minus_matched_random_mean"":{""mean"":-0.3225296794727311,""median"":-0.3162633866071701,""percentile_2_5"":-0.7498106533288956,""percentile_97_5"":-0.01483381047844888,""sd"":0.18186598698186665},""sample_count"":2429,""sd"":0.027525741510950687}}"
RES-P9-FAITHFULNESS-STANDARD_CBM-MALIGNANCY,CAT-N,spatial_faithfulness_model_target,P9,standard_cbm,,malignancy,Matched-random spatial faithfulness,Does saliency occlusion differ from matched random occlusion?,PASS,RESULT_ALREADY_EXISTS,USED_MAIN_TEXT,ART-P9-SPATIAL,repo://,artifacts/baseline_v2/audit/p9/spatial.json,models.standard_cbm.pooled_targets.malignancy,64656d54e573e2ce8c626c6403e6dc295498d233dd90c4152efcd12b9240cfbf,2398,PUBLIC_DEIDENTIFIED,False,SEC-RESULTS-WHERE,"[""RPT-T14""]","[""RPT-F08""]",,RESULTS_CATALOGUE_PLAN:eb3aa9110fc06acd8cd9e2a375b64bcfa5a60d768ef6f37f16e1c693576c5c93,VERIFIED,"{""error_increase"":{""mean"":0.0028206679026534375,""median"":0.0007414370775222778,""percentile_2_5"":-0.051037478446960445,""percentile_97_5"":0.06024632528424262,""saliency_greater_than_matched_random_mean_rate"":0.2268557130942452,""saliency_minus_matched_random_mean"":{""mean"":-0.13998371891714662,""median"":-0.14663650393486022,""percentile_2_5"":-0.47718906776979564,""percentile_97_5"":0.19036626391112782,""sd"":0.17414157776809802},""sample_count"":2398,""sd"":0.025217357436989954},""interpretation"":{""error_increase"":""positive means prediction error worsened"",""output_sensitivity"":""absolute output movement only""},""matched_random_values_per_valid_map"":20,""output_sensitivity"":{""mean"":0.018316560431855037,""median"":0.012075632810592651,""percentile_2_5"":0.0,""percentile_97_5"":0.07321624532341957,""saliency_greater_than_matched_random_mean_rate"":0.0050041701417848205,""saliency_minus_matched_random_mean"":{""mean"":-0.2178164869779915,""median"":-0.21160997003316878,""percentile_2_5"":-0.5032927618175745,""percentile_97_5"":-0.017861572876572675,""sd"":0.12963202932411283},""sample_count"":2398,""sd"":0.019947751427795413},""valid_map_count"":2398}"
RES-P9-FAITHFULNESS-STANDARD_CBM-SUBTLETY,CAT-N,spatial_faithfulness_model_target,P9,standard_cbm,,subtlety,Matched-random spatial faithfulness,Does saliency occlusion differ from matched random occlusion?,PASS,RESULT_ALREADY_EXISTS,USED_MAIN_TEXT,ART-P9-SPATIAL,repo://,artifacts/baseline_v2/audit/p9/spatial.json,models.standard_cbm.pooled_targets.subtlety,64656d54e573e2ce8c626c6403e6dc295498d233dd90c4152efcd12b9240cfbf,2576,PUBLIC_DEIDENTIFIED,False,SEC-RESULTS-WHERE,"[""RPT-T14""]","[""RPT-F08""]",,RESULTS_CATALOGUE_PLAN:eb3aa9110fc06acd8cd9e2a375b64bcfa5a60d768ef6f37f16e1c693576c5c93,VERIFIED,"{""error_increase"":{""mean"":0.018729096911360717,""median"":0.001070559024810791,""percentile_2_5"":-0.3245164528489113,""percentile_97_5"":0.39880114048719406,""saliency_greater_than_matched_random_mean_rate"":0.1486801242236025,""saliency_minus_matched_random_mean"":{""mean"":-1.400171656101218,""median"":-1.3780183494091034,""percentile_2_5"":-4.422713819146156,""percentile_97_5"":0.7216009760275484,""sd"":1.3387626619783421},""sample_count"":2576,""sd"":0.17131365076225766},""interpretation"":{""error_increase"":""positive means prediction error worsened"",""output_sensitivity"":""absolute output movement only""},""matched_random_values_per_valid_map"":20,""output_sensitivity"":{""mean"":0.12911453054204108,""median"":0.07694768905639648,""percentile_2_5"":0.0,""percentile_97_5"":0.5515718273818493,""saliency_greater_than_matched_random_mean_rate"":0.01203416149068323,""saliency_minus_matched_random_mean"":{""mean"":-1.6658192081975616,""median"":-1.5351816564798355,""percentile_2_5"":-4.4540185034275055,""percentile_97_5"":-0.0766324139200151,""sd"":1.168119115524393},""sample_count"":2576,""sd"":0.15275925438520618},""valid_map_count"":2576}"
RES-P9-FAITHFULNESS-STANDARD_CBM-INTERNALSTRUCTURE,CAT-N,spatial_faithfulness_model_target,P9,standard_cbm,,internalStructure,Matched-random spatial faithfulness,Does saliency occlusion differ from matched random occlusion?,PASS,RESULT_ALREADY_EXISTS,USED_MAIN_TEXT,ART-P9-SPATIAL,repo://,artifacts/baseline_v2/audit/p9/spatial.json,models.standard_cbm.pooled_targets.internalStructure,64656d54e573e2ce8c626c6403e6dc295498d233dd90c4152efcd12b9240cfbf,2506,PUBLIC_DEIDENTIFIED,False,SEC-RESULTS-WHERE,"[""RPT-T14""]","[""RPT-F08""]",,RESULTS_CATALOGUE_PLAN:eb3aa9110fc06acd8cd9e2a375b64bcfa5a60d768ef6f37f16e1c693576c5c93,VERIFIED,"{""error_increase"":{""mean"":-0.06377806324817996,""median"":-0.05110597610473633,""percentile_2_5"":-0.4624565839767456,""percentile_97_5"":0.3451061546802521,""saliency_greater_than_matched_random_mean_rate"":0.7549880287310455,""saliency_minus_matched_random_mean"":{""mean"":0.5755097930788614,""median"":0.7106154620647431,""percentile_2_5"":-2.013873800635338,""percentile_97_5"":2.4382303066551687,""sd"":1.2773861489937028},""sample_count"":2506,""sd"":0.19022399908637358},""interpretation"":{""error_increase"":""positive means prediction error worsened"",""output_sensitivity"":""absolute output movement only""},""matched_random_values_per_valid_map"":20,""output_sensitivity"":{""mean"":0.14547614107489681,""median"":0.10557210445404053,""percentile_2_5"":0.0,""percentile_97_5"":0.4995744824409485,""saliency_greater_than_matched_random_mean_rate"":0.05985634477254589,""saliency_minus_matched_random_mean"":{""mean"":-0.9901347980878399,""median"":-0.8625832200050354,""percentile_2_5"":-2.727851669490337,""percentile_97_5"":0.11532535552978515,""sd"":0.9322735013432751},""sample_count"":2506,""sd"":0.1381647695979631},""valid_map_count"":2506}"
RES-P9-FAITHFULNESS-STANDARD_CBM-CALCIFICATION,CAT-N,spatial_faithfulness_model_target,P9,standard_cbm,,calcification,Matched-random spatial faithfulness,Does saliency occlusion differ from matched random occlusion?,PASS,RESULT_ALREADY_EXISTS,USED_MAIN_TEXT,ART-P9-SPATIAL,repo://,artifacts/baseline_v2/audit/p9/spatial.json,models.standard_cbm.pooled_targets.calcification,64656d54e573e2ce8c626c6403e6dc295498d233dd90c4152efcd12b9240cfbf,1938,PUBLIC_DEIDENTIFIED,False,SEC-RESULTS-WHERE,"[""RPT-T14""]","[""RPT-F08""]",,RESULTS_CATALOGUE_PLAN:eb3aa9110fc06acd8cd9e2a375b64bcfa5a60d768ef6f37f16e1c693576c5c93,VERIFIED,"{""error_increase"":{""mean"":0.05747169160483053,""median"":0.017374277114868164,""percentile_2_5"":-0.38997391164302825,""percentile_97_5"":0.7184674859046941,""saliency_greater_than_matched_random_mean_rate"":0.7920536635706914,""saliency_minus_matched_random_mean"":{""mean"":0.5892568154064508,""median"":0.5269867479801178,""percentile_2_5"":-1.8751039455085992,""percentile_97_5"":2.7790738293528565,""sd"":1.0708422013438117},""sample_count"":1938,""sd"":0.2669900338554057},""interpretation"":{""error_increase"":""positive means prediction error worsened"",""output_sensitivity"":""absolute output movement only""},""matched_random_values_per_valid_map"":20,""output_sensitivity"":{""mean"":0.1580328139811908,""median"":0.0841822624206543,""percentile_2_5"":0.0,""percentile_97_5"":0.8002630591392524,""saliency_greater_than_matched_random_mean_rate"":0.08823529411764706,""saliency_minus_matched_random_mean"":{""mean"":-0.9778661081932571,""median"":-0.666286039352417,""percentile_2_5"":-3.5386667253449557,""percentile_97_5"":0.21131126731634173,""sd"":1.002414764644823},""sample_count"":1938,""sd"":0.2241081564800619},""valid_map_count"":1938}"
RES-P9-FAITHFULNESS-STANDARD_CBM-SPHERICITY,CAT-N,spatial_faithfulness_model_target,P9,standard_cbm,,sphericity,Matched-random spatial faithfulness,Does saliency occlusion differ from matched random occlusion?,PASS,RESULT_ALREADY_EXISTS,USED_MAIN_TEXT,ART-P9-SPATIAL,repo://,artifacts/baseline_v2/audit/p9/spatial.json,models.standard_cbm.pooled_targets.sphericity,64656d54e573e2ce8c626c6403e6dc295498d233dd90c4152efcd12b9240cfbf,2631,PUBLIC_DEIDENTIFIED,False,SEC-RESULTS-WHERE,"[""RPT-T14""]","[""RPT-F08""]",,RESULTS_CATALOGUE_PLAN:eb3aa9110fc06acd8cd9e2a375b64bcfa5a60d768ef6f37f16e1c693576c5c93,VERIFIED,"{""error_increase"":{""mean"":-0.06848545827398196,""median"":-0.023468539118766785,""percentile_2_5"":-0.41003547608852386,""percentile_97_5"":0.15718718618154526,""saliency_greater_than_matched_random_mean_rate"":0.38008361839604715,""saliency_minus_matched_random_mean"":{""mean"":-0.13261253245738422,""median"":-0.09992913007736207,""percentile_2_5"":-0.9931036127032712,""percentile_97_5"":0.7254929363727569,""sd"":0.4432280469693261},""sample_count"":2631,""sd"":0.14123336984893936},""interpretation"":{""error_increase"":""positive means prediction error worsened"",""output_sensitivity"":""absolute output movement only""},""matched_random_values_per_valid_map"":20,""output_sensitivity"":{""mean"":0.11421964131437273,""median"":0.07277750968933105,""percentile_2_5"":0.0,""percentile_97_5"":0.4138069152832031,""saliency_greater_than_matched_random_mean_rate"":0.05283162295705055,""saliency_minus_matched_random_mean"":{""mean"":-0.5059279749076495,""median"":-0.4211344212293625,""percentile_2_5"":-1.3960363347083329,""percentile_97_5"":0.04643806293606758,""sd"":0.4122503168858936},""sample_count"":2631,""sd"":0.11972465101425532},""valid_map_count"":2631}"
RES-P9-FAITHFULNESS-STANDARD_CBM-MARGIN,CAT-N,spatial_faithfulness_model_target,P9,standard_cbm,,margin,Matched-random spatial faithfulness,Does saliency occlusion differ from matched random occlusion?,PASS,RESULT_ALREADY_EXISTS,USED_MAIN_TEXT,ART-P9-SPATIAL,repo://,artifacts/baseline_v2/audit/p9/spatial.json,models.standard_cbm.pooled_targets.margin,64656d54e573e2ce8c626c6403e6dc295498d233dd90c4152efcd12b9240cfbf,2623,PUBLIC_DEIDENTIFIED,False,SEC-RESULTS-WHERE,"[""RPT-T14""]","[""RPT-F08""]",,RESULTS_CATALOGUE_PLAN:eb3aa9110fc06acd8cd9e2a375b64bcfa5a60d768ef6f37f16e1c693576c5c93,VERIFIED,"{""error_increase"":{""mean"":-0.08463468127866809,""median"":-0.051030755043029785,""percentile_2_5"":-0.5973405301570892,""percentile_97_5"":0.3519101522862902,""saliency_greater_than_matched_random_mean_rate"":0.34731223789553944,""saliency_minus_matched_random_mean"":{""mean"":-0.3202064394264436,""median"":-0.2963458761572838,""percentile_2_5"":-1.990659110546112,""percentile_97_5"":1.3814994031190866,""sd"":0.8856748762052947},""sample_count"":2623,""sd"":0.21996095860451742},""interpretation"":{""error_increase"":""positive means prediction error worsened"",""output_sensitivity"":""absolute output movement only""},""matched_random_values_per_valid_map"":20,""output_sensitivity"":{""mean"":0.17677769056488335,""median"":0.12598073482513428,""percentile_2_5"":0.0,""percentile_97_5"":0.640412566065788,""saliency_greater_than_matched_random_mean_rate"":0.025543271063667557,""saliency_minus_matched_random_mean"":{""mean"":-1.0239943905154323,""median"":-0.9855015695095062,""percentile_2_5"":-2.298730755387805,""percentile_97_5"":0.0006009367527438123,""sd"":0.6765955024844853},""sample_count"":2623,""sd"":0.17320473122522942},""valid_map_count"":2623}"
RES-P9-FAITHFULNESS-STANDARD_CBM-LOBULATION,CAT-N,spatial_faithfulness_model_target,P9,standard_cbm,,lobulation,Matched-random spatial faithfulness,Does saliency occlusion differ from matched random occlusion?,PASS,RESULT_ALREADY_EXISTS,USED_MAIN_TEXT,ART-P9-SPATIAL,repo://,artifacts/baseline_v2/audit/p9/spatial.json,models.standard_cbm.pooled_targets.lobulation,64656d54e573e2ce8c626c6403e6dc295498d233dd90c4152efcd12b9240cfbf,2545,PUBLIC_DEIDENTIFIED,False,SEC-RESULTS-WHERE,"[""RPT-T14""]","[""RPT-F08""]",,RESULTS_CATALOGUE_PLAN:eb3aa9110fc06acd8cd9e2a375b64bcfa5a60d768ef6f37f16e1c693576c5c93,VERIFIED,"{""error_increase"":{""mean"":-0.1810522056343894,""median"":-0.1271352767944336,""percentile_2_5"":-0.6726408958435058,""percentile_97_5"":0.06321221739053733,""saliency_greater_than_matched_random_mean_rate"":0.9795677799607073,""saliency_minus_matched_random_mean"":{""mean"":1.1908254524676913,""median"":1.1965898517519236,""percentile_2_5"":0.032914773523807526,""percentile_97_5"":2.3970939037203793,""sd"":0.6608451136402035},""sample_count"":2545,""sd"":0.20122607563827452},""interpretation"":{""error_increase"":""positive means prediction error worsened"",""output_sensitivity"":""absolute output movement only""},""matched_random_values_per_valid_map"":20,""output_sensitivity"":{""mean"":0.19053272025107107,""median"":0.13085603713989258,""percentile_2_5"":0.0,""percentile_97_5"":0.6726408958435062,""saliency_greater_than_matched_random_mean_rate"":0.006286836935166994,""saliency_minus_matched_random_mean"":{""mean"":-1.2619240040269502,""median"":-1.227100920677185,""percentile_2_5"":-2.8923701675981284,""percentile_97_5"":-0.07038526058197017,""sd"":0.7344019358231626},""sample_count"":2545,""sd"":0.19227518475457897},""valid_map_count"":2545}"
RES-P9-FAITHFULNESS-STANDARD_CBM-SPICULATION,CAT-N,spatial_faithfulness_model_target,P9,standard_cbm,,spiculation,Matched-random spatial faithfulness,Does saliency occlusion differ from matched random occlusion?,PASS,RESULT_ALREADY_EXISTS,USED_MAIN_TEXT,ART-P9-SPATIAL,repo://,artifacts/baseline_v2/audit/p9/spatial.json,models.standard_cbm.pooled_targets.spiculation,64656d54e573e2ce8c626c6403e6dc295498d233dd90c4152efcd12b9240cfbf,2576,PUBLIC_DEIDENTIFIED,False,SEC-RESULTS-WHERE,"[""RPT-T14""]","[""RPT-F08""]",,RESULTS_CATALOGUE_PLAN:eb3aa9110fc06acd8cd9e2a375b64bcfa5a60d768ef6f37f16e1c693576c5c93,VERIFIED,"{""error_increase"":{""mean"":-0.19698200196404478,""median"":-0.13238465785980225,""percentile_2_5"":-0.7430645227432251,""percentile_97_5"":0.06966174393892288,""saliency_greater_than_matched_random_mean_rate"":0.9666149068322981,""saliency_minus_matched_random_mean"":{""mean"":1.4934048423863961,""median"":1.5497021183371544,""percentile_2_5"":-0.11782990051433444,""percentile_97_5"":2.903022078797221,""sd"":0.7580355371592177},""sample_count"":2576,""sd"":0.21359756248606473},""interpretation"":{""error_increase"":""positive means prediction error worsened"",""output_sensitivity"":""absolute output movement only""},""matched_random_values_per_valid_map"":20,""output_sensitivity"":{""mean"":0.20704273602463194,""median"":0.13696134090423584,""percentile_2_5"":0.0010686218738555908,""percentile_97_5"":0.7430645227432251,""saliency_greater_than_matched_random_mean_rate"":0.0015527950310559005,""saliency_minus_matched_random_mean"":{""mean"":-1.9303530060471308,""median"":-1.9228863002732397,""percentile_2_5"":-3.675401103921468,""percentile_97_5"":-0.3513911744579673,""sd"":0.8876548847828064},""sample_count"":2576,""sd"":0.20408645517364948},""valid_map_count"":2576}"
RES-P9-FAITHFULNESS-STANDARD_CBM-TEXTURE,CAT-N,spatial_faithfulness_model_target,P9,standard_cbm,,texture,Matched-random spatial faithfulness,Does saliency occlusion differ from matched random occlusion?,PASS,RESULT_ALREADY_EXISTS,USED_MAIN_TEXT,ART-P9-SPATIAL,repo://,artifacts/baseline_v2/audit/p9/spatial.json,models.standard_cbm.pooled_targets.texture,64656d54e573e2ce8c626c6403e6dc295498d233dd90c4152efcd12b9240cfbf,2620,PUBLIC_DEIDENTIFIED,False,SEC-RESULTS-WHERE,"[""RPT-T14""]","[""RPT-F08""]",,RESULTS_CATALOGUE_PLAN:eb3aa9110fc06acd8cd9e2a375b64bcfa5a60d768ef6f37f16e1c693576c5c93,VERIFIED,"{""error_increase"":{""mean"":-0.07690803172450712,""median"":-0.04928851127624512,""percentile_2_5"":-0.6393537878990173,""percentile_97_5"":0.4739300742745401,""saliency_greater_than_matched_random_mean_rate"":0.366412213740458,""saliency_minus_matched_random_mean"":{""mean"":-0.515174382240473,""median"":-0.2901454150676728,""percentile_2_5"":-3.5958768719434735,""percentile_97_5"":1.279550024196506,""sd"":1.4361108278485122},""sample_count"":2620,""sd"":0.26502514351351536},""interpretation"":{""error_increase"":""positive means prediction error worsened"",""output_sensitivity"":""absolute output movement only""},""matched_random_values_per_valid_map"":20,""output_sensitivity"":{""mean"":0.1982700842823691,""median"":0.1314181685447693,""percentile_2_5"":0.0,""percentile_97_5"":0.7455042392015464,""saliency_greater_than_matched_random_mean_rate"":0.09312977099236641,""saliency_minus_matched_random_mean"":{""mean"":-0.9389515783792834,""median"":-0.6161850184202193,""percentile_2_5"":-3.5417340874671934,""percentile_97_5"":0.198541131019593,""sd"":1.2786904348562191},""sample_count"":2620,""sd"":0.20911977163777037},""valid_map_count"":2620}"
RES-P9-FAITHFULNESS-STANDARD_CBM-POOLED,CAT-N,spatial_faithfulness_model_pooled,P9,standard_cbm,,,All-target pooled spatial faithfulness,What is the model-wide saliency versus random pattern?,PASS,RESULT_ALREADY_EXISTS,USED_MAIN_TEXT,ART-P9-SPATIAL,repo://,artifacts/baseline_v2/audit/p9/spatial.json,models.standard_cbm.pooled_all_targets,64656d54e573e2ce8c626c6403e6dc295498d233dd90c4152efcd12b9240cfbf,22413,PUBLIC_DEIDENTIFIED,False,SEC-RESULTS-WHERE,"[""RPT-T14""]","[""RPT-F08""]",,RESULTS_CATALOGUE_PLAN:eb3aa9110fc06acd8cd9e2a375b64bcfa5a60d768ef6f37f16e1c693576c5c93,VERIFIED,"{""error_increase"":{""mean"":-0.06983991996276497,""median"":-0.02446126937866211,""percentile_2_5"":-0.5735062479972839,""percentile_97_5"":0.34138802289962766,""saliency_greater_than_matched_random_mean_rate"":0.5446838888145272,""saliency_minus_matched_random_mean"":{""mean"":0.13299352211528692,""median"":0.09167155921459198,""percentile_2_5"":-2.5444813239574433,""percentile_97_5"":2.3398172896145844,""sd"":1.304471807044289},""sample_count"":22413,""sd"":0.2141792168942908},""output_sensitivity"":{""mean"":0.14943417597506642,""median"":0.0856165885925293,""percentile_2_5"":0.0,""percentile_97_5"":0.6318840503692633,""saliency_greater_than_matched_random_mean_rate"":0.037210547450140546,""saliency_minus_matched_random_mean"":{""mean"":-1.0641649665489012,""median"":-0.8423402171581984,""percentile_2_5"":-3.246600832045078,""percentile_97_5"":0.04544651247560979,""sd"":1.0039533322629108},""sample_count"":22413,""sd"":0.1774046716958426}}"
RES-P9-FAITHFULNESS-MIXED_CEM-MALIGNANCY,CAT-N,spatial_faithfulness_model_target,P9,mixed_cem,,malignancy,Matched-random spatial faithfulness,Does saliency occlusion differ from matched random occlusion?,PASS,RESULT_ALREADY_EXISTS,USED_MAIN_TEXT,ART-P9-SPATIAL,repo://,artifacts/baseline_v2/audit/p9/spatial.json,models.mixed_cem.pooled_targets.malignancy,64656d54e573e2ce8c626c6403e6dc295498d233dd90c4152efcd12b9240cfbf,1267,PUBLIC_DEIDENTIFIED,False,SEC-RESULTS-WHERE,"[""RPT-T14""]","[""RPT-F08""]",,RESULTS_CATALOGUE_PLAN:eb3aa9110fc06acd8cd9e2a375b64bcfa5a60d768ef6f37f16e1c693576c5c93,VERIFIED,"{""error_increase"":{""mean"":0.005181461124749787,""median"":0.0025476813316345215,""percentile_2_5"":-0.058772458136081694,""percentile_97_5"":0.07867708206176756,""saliency_greater_than_matched_random_mean_rate"":0.15390686661404893,""saliency_minus_matched_random_mean"":{""mean"":-0.24685963270570754,""median"":-0.25487443804740906,""percentile_2_5"":-0.771374871879816,""percentile_97_5"":0.1670203660428517,""sd"":0.2252581718450473},""sample_count"":1267,""sd"":0.03414819232234145},""interpretation"":{""error_increase"":""positive means prediction error worsened"",""output_sensitivity"":""absolute output movement only""},""matched_random_values_per_valid_map"":20,""output_sensitivity"":{""mean"":0.026384711080328537,""median"":0.020343899726867676,""percentile_2_5"":0.00017918199300765995,""percentile_97_5"":0.08697634041309349,""saliency_greater_than_matched_random_mean_rate"":0.007103393843725336,""saliency_minus_matched_random_mean"":{""mean"":-0.31843268686601184,""median"":-0.3094871282577515,""percentile_2_5"":-0.7857773987948895,""percentile_97_5"":-0.012055778726935435,""sd"":0.1859832790369064},""sample_count"":1267,""sd"":0.02424784733134468},""valid_map_count"":1267}"
RES-P9-FAITHFULNESS-MIXED_CEM-SUBTLETY,CAT-N,spatial_faithfulness_model_target,P9,mixed_cem,,subtlety,Matched-random spatial faithfulness,Does saliency occlusion differ from matched random occlusion?,PASS,RESULT_ALREADY_EXISTS,USED_MAIN_TEXT,ART-P9-SPATIAL,repo://,artifacts/baseline_v2/audit/p9/spatial.json,models.mixed_cem.pooled_targets.subtlety,64656d54e573e2ce8c626c6403e6dc295498d233dd90c4152efcd12b9240cfbf,2595,PUBLIC_DEIDENTIFIED,False,SEC-RESULTS-WHERE,"[""RPT-T14""]","[""RPT-F08""]",,RESULTS_CATALOGUE_PLAN:eb3aa9110fc06acd8cd9e2a375b64bcfa5a60d768ef6f37f16e1c693576c5c93,VERIFIED,"{""error_increase"":{""mean"":-0.004468031508002283,""median"":-0.0009943246841430664,""percentile_2_5"":-0.1262482538819313,""percentile_97_5"":0.11677024364471439,""saliency_greater_than_matched_random_mean_rate"":0.2901734104046243,""saliency_minus_matched_random_mean"":{""mean"":-0.32320974361440963,""median"":-0.2131991356611252,""percentile_2_5"":-1.3582977521419524,""percentile_97_5"":0.3418967214971781,""sd"":0.48508838979455254},""sample_count"":2595,""sd"":0.05634802577015185},""interpretation"":{""error_increase"":""positive means prediction error worsened"",""output_sensitivity"":""absolute output movement only""},""matched_random_values_per_valid_map"":20,""output_sensitivity"":{""mean"":0.042331519091290085,""median"":0.028652608394622803,""percentile_2_5"":0.0,""percentile_97_5"":0.15016172230243682,""saliency_greater_than_matched_random_mean_rate"":0.03121387283236994,""saliency_minus_matched_random_mean"":{""mean"":-0.5039405506659794,""median"":-0.38564319610595704,""percentile_2_5"":-1.43958251953125,""percentile_97_5"":0.0032112999260426435,""sd"":0.4336790210568772},""sample_count"":2595,""sd"":0.04295325109173948},""valid_map_count"":2595}"
RES-P9-FAITHFULNESS-MIXED_CEM-INTERNALSTRUCTURE,CAT-N,spatial_faithfulness_model_target,P9,mixed_cem,,internalStructure,Matched-random spatial faithfulness,Does saliency occlusion differ from matched random occlusion?,PASS,RESULT_ALREADY_EXISTS,USED_MAIN_TEXT,ART-P9-SPATIAL,repo://,artifacts/baseline_v2/audit/p9/spatial.json,models.mixed_cem.pooled_targets.internalStructure,64656d54e573e2ce8c626c6403e6dc295498d233dd90c4152efcd12b9240cfbf,1747,PUBLIC_DEIDENTIFIED,False,SEC-RESULTS-WHERE,"[""RPT-T14""]","[""RPT-F08""]",,RESULTS_CATALOGUE_PLAN:eb3aa9110fc06acd8cd9e2a375b64bcfa5a60d768ef6f37f16e1c693576c5c93,VERIFIED,"{""error_increase"":{""mean"":-0.0028373287467186835,""median"":-0.004232883453369141,""percentile_2_5"":-0.17234698534011839,""percentile_97_5"":0.26089194416999817,""saliency_greater_than_matched_random_mean_rate"":0.28334287349742415,""saliency_minus_matched_random_mean"":{""mean"":-0.22878579833487753,""median"":-0.06247594058513641,""percentile_2_5"":-1.9007111543416977,""percentile_97_5"":0.27555880844593045,""sd"":0.5620241301503429},""sample_count"":1747,""sd"":0.09990793290917842},""interpretation"":{""error_increase"":""positive means prediction error worsened"",""output_sensitivity"":""absolute output movement only""},""matched_random_values_per_valid_map"":20,""output_sensitivity"":{""mean"":0.059532883214008896,""median"":0.028423309326171875,""percentile_2_5"":0.00023691505193710328,""percentile_97_5"":0.28782771825790393,""saliency_greater_than_matched_random_mean_rate"":0.1688609044075558,""saliency_minus_matched_random_mean"":{""mean"":-0.24077627585916161,""median"":-0.07538396120071411,""percentile_2_5"":-1.8275296318531034,""percentile_97_5"":0.08932793512940405,""sd"":0.5298463792076314},""sample_count"":1747,""sd"":0.08028375494973458},""valid_map_count"":1747}"
RES-P9-FAITHFULNESS-MIXED_CEM-CALCIFICATION,CAT-N,spatial_faithfulness_model_target,P9,mixed_cem,,calcification,Matched-random spatial faithfulness,Does saliency occlusion differ from matched random occlusion?,PASS,RESULT_ALREADY_EXISTS,USED_MAIN_TEXT,ART-P9-SPATIAL,repo://,artifacts/baseline_v2/audit/p9/spatial.json,models.mixed_cem.pooled_targets.calcification,64656d54e573e2ce8c626c6403e6dc295498d233dd90c4152efcd12b9240cfbf,1916,PUBLIC_DEIDENTIFIED,False,SEC-RESULTS-WHERE,"[""RPT-T14""]","[""RPT-F08""]",,RESULTS_CATALOGUE_PLAN:eb3aa9110fc06acd8cd9e2a375b64bcfa5a60d768ef6f37f16e1c693576c5c93,VERIFIED,"{""error_increase"":{""mean"":-0.0407678810847183,""median"":-0.0009472966194152832,""percentile_2_5"":-0.6341530382633209,""percentile_97_5"":0.2561297118663788,""saliency_greater_than_matched_random_mean_rate"":0.494258872651357,""saliency_minus_matched_random_mean"":{""mean"":0.1299337129472193,""median"":-0.007476533576846127,""percentile_2_5"":-1.2619788238778709,""percentile_97_5"":2.0262675255537035,""sd"":0.7837554284548814},""sample_count"":1916,""sd"":0.20000255779404427},""interpretation"":{""error_increase"":""positive means prediction error worsened"",""output_sensitivity"":""absolute output movement only""},""matched_random_values_per_valid_map"":20,""output_sensitivity"":{""mean"":0.10279151768130027,""median"":0.04358828067779541,""percentile_2_5"":0.0,""percentile_97_5"":0.6410379558801651,""saliency_greater_than_matched_random_mean_rate"":0.04801670146137787,""saliency_minus_matched_random_mean"":{""mean"":-0.6843369876087054,""median"":-0.47866799421608447,""percentile_2_5"":-2.2505213130265473,""percentile_97_5"":0.040512125752866265,""sd"":0.6339640418449207},""sample_count"":1916,""sd"":0.17810255450281445},""valid_map_count"":1916}"
RES-P9-FAITHFULNESS-MIXED_CEM-SPHERICITY,CAT-N,spatial_faithfulness_model_target,P9,mixed_cem,,sphericity,Matched-random spatial faithfulness,Does saliency occlusion differ from matched random occlusion?,PASS,RESULT_ALREADY_EXISTS,USED_MAIN_TEXT,ART-P9-SPATIAL,repo://,artifacts/baseline_v2/audit/p9/spatial.json,models.mixed_cem.pooled_targets.sphericity,64656d54e573e2ce8c626c6403e6dc295498d233dd90c4152efcd12b9240cfbf,2446,PUBLIC_DEIDENTIFIED,False,SEC-RESULTS-WHERE,"[""RPT-T14""]","[""RPT-F08""]",,RESULTS_CATALOGUE_PLAN:eb3aa9110fc06acd8cd9e2a375b64bcfa5a60d768ef6f37f16e1c693576c5c93,VERIFIED,"{""error_increase"":{""mean"":-0.004755474415319139,""median"":-0.002291671931743622,""percentile_2_5"":-0.10388698428869247,""percentile_97_5"":0.08401801437139511,""saliency_greater_than_matched_random_mean_rate"":0.41210139002452983,""saliency_minus_matched_random_mean"":{""mean"":-0.06216001728213013,""median"":-0.05270203426480293,""percentile_2_5"":-0.6084667064249516,""percentile_97_5"":0.32286060005426404,""sd"":0.2573193995569589},""sample_count"":2446,""sd"":0.04056481974572393},""interpretation"":{""error_increase"":""positive means prediction error worsened"",""output_sensitivity"":""absolute output movement only""},""matched_random_values_per_valid_map"":20,""output_sensitivity"":{""mean"":0.027935749498589645,""median"":0.014987587928771973,""percentile_2_5"":0.0,""percentile_97_5"":0.11940839141607285,""saliency_greater_than_matched_random_mean_rate"":0.04987735077677841,""saliency_minus_matched_random_mean"":{""mean"":-0.19673578220047208,""median"":-0.12453704737126828,""percentile_2_5"":-0.7620270416140555,""percentile_97_5"":0.015027445973828433,""sd"":0.23446160395073934},""sample_count"":2446,""sd"":0.033600147519290496},""valid_map_count"":2446}"
RES-P9-FAITHFULNESS-MIXED_CEM-MARGIN,CAT-N,spatial_faithfulness_model_target,P9,mixed_cem,,margin,Matched-random spatial faithfulness,Does saliency occlusion differ from matched random occlusion?,PASS,RESULT_ALREADY_EXISTS,USED_MAIN_TEXT,ART-P9-SPATIAL,repo://,artifacts/baseline_v2/audit/p9/spatial.json,models.mixed_cem.pooled_targets.margin,64656d54e573e2ce8c626c6403e6dc295498d233dd90c4152efcd12b9240cfbf,2626,PUBLIC_DEIDENTIFIED,False,SEC-RESULTS-WHERE,"[""RPT-T14""]","[""RPT-F08""]",,RESULTS_CATALOGUE_PLAN:eb3aa9110fc06acd8cd9e2a375b64bcfa5a60d768ef6f37f16e1c693576c5c93,VERIFIED,"{""error_increase"":{""mean"":-0.006132681895090931,""median"":0.0015622377395629883,""percentile_2_5"":-0.22590138763189316,""percentile_97_5"":0.13533961027860641,""saliency_greater_than_matched_random_mean_rate"":0.37776085300837775,""saliency_minus_matched_random_mean"":{""mean"":-0.2778538977821455,""median"":-0.08803465515375138,""percentile_2_5"":-2.388595958054066,""percentile_97_5"":0.27674248851835725,""sd"":0.6990963789352186},""sample_count"":2626,""sd"":0.079164276752043},""interpretation"":{""error_increase"":""positive means prediction error worsened"",""output_sensitivity"":""absolute output movement only""},""matched_random_values_per_valid_map"":20,""output_sensitivity"":{""mean"":0.04611508145549612,""median"":0.017849266529083252,""percentile_2_5"":0.0,""percentile_97_5"":0.28748273849487305,""saliency_greater_than_matched_random_mean_rate"":0.0753998476770754,""saliency_minus_matched_random_mean"":{""mean"":-0.33569105291802587,""median"":-0.1577983317896724,""percentile_2_5"":-2.045266692340374,""percentile_97_5"":0.05118757784366608,""sd"":0.6031793069063321},""sample_count"":2626,""sd"":0.07477349730157944},""valid_map_count"":2626}"
RES-P9-FAITHFULNESS-MIXED_CEM-LOBULATION,CAT-N,spatial_faithfulness_model_target,P9,mixed_cem,,lobulation,Matched-random spatial faithfulness,Does saliency occlusion differ from matched random occlusion?,PASS,RESULT_ALREADY_EXISTS,USED_MAIN_TEXT,ART-P9-SPATIAL,repo://,artifacts/baseline_v2/audit/p9/spatial.json,models.mixed_cem.pooled_targets.lobulation,64656d54e573e2ce8c626c6403e6dc295498d233dd90c4152efcd12b9240cfbf,2486,PUBLIC_DEIDENTIFIED,False,SEC-RESULTS-WHERE,"[""RPT-T14""]","[""RPT-F08""]",,RESULTS_CATALOGUE_PLAN:eb3aa9110fc06acd8cd9e2a375b64bcfa5a60d768ef6f37f16e1c693576c5c93,VERIFIED,"{""error_increase"":{""mean"":-0.0845587085138284,""median"":-0.05459558963775635,""percentile_2_5"":-0.3402801752090454,""percentile_97_5"":0.008029945194721222,""saliency_greater_than_matched_random_mean_rate"":0.8636363636363636,""saliency_minus_matched_random_mean"":{""mean"":0.3508518781572916,""median"":0.37138952910900125,""percentile_2_5"":-0.48060632348060606,""percentile_97_5"":0.88178171813488,""sd"":0.35130302348758957},""sample_count"":2486,""sd"":0.09518925492042421},""interpretation"":{""error_increase"":""positive means prediction error worsened"",""output_sensitivity"":""absolute output movement only""},""matched_random_values_per_valid_map"":20,""output_sensitivity"":{""mean"":0.0858894683786294,""median"":0.05472901463508606,""percentile_2_5"":0.0,""percentile_97_5"":0.3402801752090454,""saliency_greater_than_matched_random_mean_rate"":0.03901850362027353,""saliency_minus_matched_random_mean"":{""mean"":-0.40819848917112994,""median"":-0.3883250430226326,""percentile_2_5"":-0.8972581287845969,""percentile_97_5"":0.02047032043337822,""sd"":0.2708566547465857},""sample_count"":2486,""sd"":0.09399025832217146},""valid_map_count"":2486}"
RES-P9-FAITHFULNESS-MIXED_CEM-SPICULATION,CAT-N,spatial_faithfulness_model_target,P9,mixed_cem,,spiculation,Matched-random spatial faithfulness,Does saliency occlusion differ from matched random occlusion?,PASS,RESULT_ALREADY_EXISTS,USED_MAIN_TEXT,ART-P9-SPATIAL,repo://,artifacts/baseline_v2/audit/p9/spatial.json,models.mixed_cem.pooled_targets.spiculation,64656d54e573e2ce8c626c6403e6dc295498d233dd90c4152efcd12b9240cfbf,2633,PUBLIC_DEIDENTIFIED,False,SEC-RESULTS-WHERE,"[""RPT-T14""]","[""RPT-F08""]",,RESULTS_CATALOGUE_PLAN:eb3aa9110fc06acd8cd9e2a375b64bcfa5a60d768ef6f37f16e1c693576c5c93,VERIFIED,"{""error_increase"":{""mean"":-0.08021286669856824,""median"":-0.04900115728378296,""percentile_2_5"":-0.3547993183135986,""percentile_97_5"":0.014150857925415039,""saliency_greater_than_matched_random_mean_rate"":0.8712495252563616,""saliency_minus_matched_random_mean"":{""mean"":0.337095003939268,""median"":0.38442017138004303,""percentile_2_5"":-0.8025899696350098,""percentile_97_5"":1.0221529150009152,""sd"":0.4371272875183421},""sample_count"":2633,""sd"":0.10084799557479111},""interpretation"":{""error_increase"":""positive means prediction error worsened"",""output_sensitivity"":""absolute output movement only""},""matched_random_values_per_valid_map"":20,""output_sensitivity"":{""mean"":0.08274041671423327,""median"":0.04934334754943848,""percentile_2_5"":0.0,""percentile_97_5"":0.3547993183135978,""saliency_greater_than_matched_random_mean_rate"":0.039118875807064184,""saliency_minus_matched_random_mean"":{""mean"":-0.43922544363907345,""median"":-0.40397820472717283,""percentile_2_5"":-1.087908948659897,""percentile_97_5"":0.026401926279067903,""sd"":0.3071438097738296},""sample_count"":2633,""sd"":0.09878484518087981},""valid_map_count"":2633}"
RES-P9-FAITHFULNESS-MIXED_CEM-TEXTURE,CAT-N,spatial_faithfulness_model_target,P9,mixed_cem,,texture,Matched-random spatial faithfulness,Does saliency occlusion differ from matched random occlusion?,PASS,RESULT_ALREADY_EXISTS,USED_MAIN_TEXT,ART-P9-SPATIAL,repo://,artifacts/baseline_v2/audit/p9/spatial.json,models.mixed_cem.pooled_targets.texture,64656d54e573e2ce8c626c6403e6dc295498d233dd90c4152efcd12b9240cfbf,2600,PUBLIC_DEIDENTIFIED,False,SEC-RESULTS-WHERE,"[""RPT-T14""]","[""RPT-F08""]",,RESULTS_CATALOGUE_PLAN:eb3aa9110fc06acd8cd9e2a375b64bcfa5a60d768ef6f37f16e1c693576c5c93,VERIFIED,"{""error_increase"":{""mean"":-0.01578658509712953,""median"":-0.0011185407638549805,""percentile_2_5"":-0.16500123739242553,""percentile_97_5"":0.060264571756124555,""saliency_greater_than_matched_random_mean_rate"":0.41192307692307695,""saliency_minus_matched_random_mean"":{""mean"":-0.127905573370365,""median"":-0.039149872958660126,""percentile_2_5"":-1.2011438658833502,""percentile_97_5"":0.31184054195880895,""sd"":0.40190768952258277},""sample_count"":2600,""sd"":0.052662034822335724},""interpretation"":{""error_increase"":""positive means prediction error worsened"",""output_sensitivity"":""absolute output movement only""},""matched_random_values_per_valid_map"":20,""output_sensitivity"":{""mean"":0.034978051369006814,""median"":0.018534034490585327,""percentile_2_5"":0.0,""percentile_97_5"":0.16605986058712008,""saliency_greater_than_matched_random_mean_rate"":0.06923076923076923,""saliency_minus_matched_random_mean"":{""mean"":-0.23498480793948356,""median"":-0.12928825020790102,""percentile_2_5"":-1.1609428808093072,""percentile_97_5"":0.03049193844199181,""sd"":0.3441073973559926},""sample_count"":2600,""sd"":0.04343805121310686},""valid_map_count"":2600}"
RES-P9-FAITHFULNESS-MIXED_CEM-POOLED,CAT-N,spatial_faithfulness_model_pooled,P9,mixed_cem,,,All-target pooled spatial faithfulness,What is the model-wide saliency versus random pattern?,PASS,RESULT_ALREADY_EXISTS,USED_MAIN_TEXT,ART-P9-SPATIAL,repo://,artifacts/baseline_v2/audit/p9/spatial.json,models.mixed_cem.pooled_all_targets,64656d54e573e2ce8c626c6403e6dc295498d233dd90c4152efcd12b9240cfbf,20316,PUBLIC_DEIDENTIFIED,False,SEC-RESULTS-WHERE,"[""RPT-T14""]","[""RPT-F08""]",,RESULTS_CATALOGUE_PLAN:eb3aa9110fc06acd8cd9e2a375b64bcfa5a60d768ef6f37f16e1c693576c5c93,VERIFIED,"{""error_increase"":{""mean"":-0.02846488313194869,""median"":-0.006203368306159973,""percentile_2_5"":-0.2727090120315552,""percentile_97_5"":0.11539174616336823,""saliency_greater_than_matched_random_mean_rate"":0.4873990943099035,""saliency_minus_matched_random_mean"":{""mean"":-0.03724599080239795,""median"":-0.009752296656370164,""percentile_2_5"":-1.2431294210255146,""percentile_97_5"":0.8667649582028389,""sd"":0.5605144608102663},""sample_count"":20316,""sd"":0.0999938298237624},""output_sensitivity"":{""mean"":0.05690002619442157,""median"":0.026073575019836426,""percentile_2_5"":0.0,""percentile_97_5"":0.29742392897605896,""saliency_greater_than_matched_random_mean_rate"":0.057934632801732625,""saliency_minus_matched_random_mean"":{""mean"":-0.37349718111195834,""median"":-0.2569802314043045,""percentile_2_5"":-1.5450105533003808,""percentile_97_5"":0.034762341529130936,""sd"":0.4453399277996881},""sample_count"":20316,""sd"":0.08896784182014186}}"
RES-P9-FAITHFULNESS-LEARNED_SOFTMAX_GAM-MALIGNANCY,CAT-N,spatial_faithfulness_model_target,P9,learned_softmax_gam,,malignancy,Matched-random spatial faithfulness,Does saliency occlusion differ from matched random occlusion?,PASS,RESULT_ALREADY_EXISTS,USED_MAIN_TEXT,ART-P9-SPATIAL,repo://,artifacts/baseline_v2/audit/p9/spatial.json,models.learned_softmax_gam.pooled_targets.malignancy,64656d54e573e2ce8c626c6403e6dc295498d233dd90c4152efcd12b9240cfbf,2361,PUBLIC_DEIDENTIFIED,False,SEC-RESULTS-WHERE,"[""RPT-T14""]","[""RPT-F08""]",,RESULTS_CATALOGUE_PLAN:eb3aa9110fc06acd8cd9e2a375b64bcfa5a60d768ef6f37f16e1c693576c5c93,VERIFIED,"{""error_increase"":{""mean"":0.0019069468837505422,""median"":0.0,""percentile_2_5"":-0.060418009757995605,""percentile_97_5"":0.06883645057678223,""saliency_greater_than_matched_random_mean_rate"":0.1567132570944515,""saliency_minus_matched_random_mean"":{""mean"":-0.21381368246362073,""median"":-0.2369757689535618,""percentile_2_5"":-0.5342974394559861,""percentile_97_5"":0.18322353959083557,""sd"":0.1932021995626711},""sample_count"":2361,""sd"":0.032476679039641985},""interpretation"":{""error_increase"":""positive means prediction error worsened"",""output_sensitivity"":""absolute output movement only""},""matched_random_values_per_valid_map"":20,""output_sensitivity"":{""mean"":0.02532910474914109,""median"":0.01991325616836548,""percentile_2_5"":0.0,""percentile_97_5"":0.08060595393180847,""saliency_greater_than_matched_random_mean_rate"":0.004235493434985175,""saliency_minus_matched_random_mean"":{""mean"":-0.30209886594436836,""median"":-0.3084429532289505,""percentile_2_5"":-0.5614736124873161,""percentile_97_5"":-0.03968165516853332,""sd"":0.14211010974559443},""sample_count"":2361,""sd"":0.02330775570224638},""valid_map_count"":2361}"
RES-P9-FAITHFULNESS-LEARNED_SOFTMAX_GAM-SUBTLETY,CAT-N,spatial_faithfulness_model_target,P9,learned_softmax_gam,,subtlety,Matched-random spatial faithfulness,Does saliency occlusion differ from matched random occlusion?,PASS,RESULT_ALREADY_EXISTS,USED_MAIN_TEXT,ART-P9-SPATIAL,repo://,artifacts/baseline_v2/audit/p9/spatial.json,models.learned_softmax_gam.pooled_targets.subtlety,64656d54e573e2ce8c626c6403e6dc295498d233dd90c4152efcd12b9240cfbf,2523,PUBLIC_DEIDENTIFIED,False,SEC-RESULTS-WHERE,"[""RPT-T14""]","[""RPT-F08""]",,RESULTS_CATALOGUE_PLAN:eb3aa9110fc06acd8cd9e2a375b64bcfa5a60d768ef6f37f16e1c693576c5c93,VERIFIED,"{""error_increase"":{""mean"":0.03686121157603369,""median"":0.008379697799682617,""percentile_2_5"":-0.3449770212173462,""percentile_97_5"":0.506331697106361,""saliency_greater_than_matched_random_mean_rate"":0.13872374157748713,""saliency_minus_matched_random_mean"":{""mean"":-1.3503284214925826,""median"":-1.4396761059761047,""percentile_2_5"":-3.699686512351036,""percentile_97_5"":0.8809128099307411,""sd"":1.1647726485100185},""sample_count"":2523,""sd"":0.2000194991866615},""interpretation"":{""error_increase"":""positive means prediction error worsened"",""output_sensitivity"":""absolute output movement only""},""matched_random_values_per_valid_map"":20,""output_sensitivity"":{""mean"":0.15270030151311975,""median"":0.10149513185024261,""percentile_2_5"":0.0,""percentile_97_5"":0.5900719471275797,""saliency_greater_than_matched_random_mean_rate"":0.009908838684106223,""saliency_minus_matched_random_mean"":{""mean"":-1.6733112707939417,""median"":-1.636910480260849,""percentile_2_5"":-3.7126948297023774,""percentile_97_5"":-0.11952526930719636,""sd"":0.9346584183735165},""sample_count"":2523,""sd"":0.1654693199677362},""valid_map_count"":2523}"
RES-P9-FAITHFULNESS-LEARNED_SOFTMAX_GAM-INTERNALSTRUCTURE,CAT-N,spatial_faithfulness_model_target,P9,learned_softmax_gam,,internalStructure,Matched-random spatial faithfulness,Does saliency occlusion differ from matched random occlusion?,PASS,RESULT_ALREADY_EXISTS,USED_MAIN_TEXT,ART-P9-SPATIAL,repo://,artifacts/baseline_v2/audit/p9/spatial.json,models.learned_softmax_gam.pooled_targets.internalStructure,64656d54e573e2ce8c626c6403e6dc295498d233dd90c4152efcd12b9240cfbf,2393,PUBLIC_DEIDENTIFIED,False,SEC-RESULTS-WHERE,"[""RPT-T14""]","[""RPT-F08""]",,RESULTS_CATALOGUE_PLAN:eb3aa9110fc06acd8cd9e2a375b64bcfa5a60d768ef6f37f16e1c693576c5c93,VERIFIED,"{""error_increase"":{""mean"":-0.16937126374013045,""median"":-0.1237788200378418,""percentile_2_5"":-0.7503793239593506,""percentile_97_5"":0.2218958377838132,""saliency_greater_than_matched_random_mean_rate"":0.7509402423735896,""saliency_minus_matched_random_mean"":{""mean"":0.7203830225136701,""median"":0.791260576248169,""percentile_2_5"":-1.8623470830917357,""percentile_97_5"":2.8704975676536546,""sd"":1.2380988140827462},""sample_count"":2393,""sd"":0.23823160992309114},""interpretation"":{""error_increase"":""positive means prediction error worsened"",""output_sensitivity"":""absolute output movement only""},""matched_random_values_per_valid_map"":20,""output_sensitivity"":{""mean"":0.21015536589287237,""median"":0.15301823616027832,""percentile_2_5"":0.0,""percentile_97_5"":0.7503793239593503,""saliency_greater_than_matched_random_mean_rate"":0.08106978687839532,""saliency_minus_matched_random_mean"":{""mean"":-1.0651476792105763,""median"":-0.900447702407837,""percentile_2_5"":-3.2458366495370865,""percentile_97_5"":0.20153626918792705,""sd"":0.9524420176367806},""sample_count"":2393,""sd"":0.20322829706408926},""valid_map_count"":2393}"
RES-P9-FAITHFULNESS-LEARNED_SOFTMAX_GAM-CALCIFICATION,CAT-N,spatial_faithfulness_model_target,P9,learned_softmax_gam,,calcification,Matched-random spatial faithfulness,Does saliency occlusion differ from matched random occlusion?,PASS,RESULT_ALREADY_EXISTS,USED_MAIN_TEXT,ART-P9-SPATIAL,repo://,artifacts/baseline_v2/audit/p9/spatial.json,models.learned_softmax_gam.pooled_targets.calcification,64656d54e573e2ce8c626c6403e6dc295498d233dd90c4152efcd12b9240cfbf,2062,PUBLIC_DEIDENTIFIED,False,SEC-RESULTS-WHERE,"[""RPT-T14""]","[""RPT-F08""]",,RESULTS_CATALOGUE_PLAN:eb3aa9110fc06acd8cd9e2a375b64bcfa5a60d768ef6f37f16e1c693576c5c93,VERIFIED,"{""error_increase"":{""mean"":0.0642879880408311,""median"":0.02230513095855713,""percentile_2_5"":-0.4702161461114883,""percentile_97_5"":0.7651192903518672,""saliency_greater_than_matched_random_mean_rate"":0.7017458777885548,""saliency_minus_matched_random_mean"":{""mean"":0.5216386357928011,""median"":0.48516197204589845,""percentile_2_5"":-1.9233584454655648,""percentile_97_5"":2.9283704459667192,""sd"":1.1624552600890359},""sample_count"":2062,""sd"":0.2998274008314958},""interpretation"":{""error_increase"":""positive means prediction error worsened"",""output_sensitivity"":""absolute output movement only""},""matched_random_values_per_valid_map"":20,""output_sensitivity"":{""mean"":0.2055912620733943,""median"":0.1364809274673462,""percentile_2_5"":0.0,""percentile_97_5"":0.8236273169517511,""saliency_greater_than_matched_random_mean_rate"":0.10620756547041707,""saliency_minus_matched_random_mean"":{""mean"":-0.9676556585140249,""median"":-0.749879390001297,""percentile_2_5"":-3.234199928641319,""percentile_97_5"":0.2869224295020103,""sd"":0.9427579735999206},""sample_count"":2062,""sd"":0.22864139922700533},""valid_map_count"":2062}"
RES-P9-FAITHFULNESS-LEARNED_SOFTMAX_GAM-SPHERICITY,CAT-N,spatial_faithfulness_model_target,P9,learned_softmax_gam,,sphericity,Matched-random spatial faithfulness,Does saliency occlusion differ from matched random occlusion?,PASS,RESULT_ALREADY_EXISTS,USED_MAIN_TEXT,ART-P9-SPATIAL,repo://,artifacts/baseline_v2/audit/p9/spatial.json,models.learned_softmax_gam.pooled_targets.sphericity,64656d54e573e2ce8c626c6403e6dc295498d233dd90c4152efcd12b9240cfbf,2602,PUBLIC_DEIDENTIFIED,False,SEC-RESULTS-WHERE,"[""RPT-T14""]","[""RPT-F08""]",,RESULTS_CATALOGUE_PLAN:eb3aa9110fc06acd8cd9e2a375b64bcfa5a60d768ef6f37f16e1c693576c5c93,VERIFIED,"{""error_increase"":{""mean"":-0.07390427930644934,""median"":-0.03342583775520325,""percentile_2_5"":-0.4402536809444427,""percentile_97_5"":0.16139335334300983,""saliency_greater_than_matched_random_mean_rate"":0.4081475787855496,""saliency_minus_matched_random_mean"":{""mean"":-0.049185845386824946,""median"":-0.07067435830831528,""percentile_2_5"":-0.7149934979458339,""percentile_97_5"":0.7585602520406246,""sd"":0.3617980196289654},""sample_count"":2602,""sd"":0.15007681985689061},""interpretation"":{""error_increase"":""positive means prediction error worsened"",""output_sensitivity"":""absolute output movement only""},""matched_random_values_per_valid_map"":20,""output_sensitivity"":{""mean"":0.12275954580337502,""median"":0.08663499355316162,""percentile_2_5"":0.0,""percentile_97_5"":0.47241260409355135,""saliency_greater_than_matched_random_mean_rate"":0.06956187548039969,""saliency_minus_matched_random_mean"":{""mean"":-0.46084419368840024,""median"":-0.4063721090555191,""percentile_2_5"":-1.2530107550881802,""percentile_97_5"":0.07528729334473595,""sd"":0.36584747805813883},""sample_count"":2602,""sd"":0.12554532822697154},""valid_map_count"":2602}"
RES-P9-FAITHFULNESS-LEARNED_SOFTMAX_GAM-MARGIN,CAT-N,spatial_faithfulness_model_target,P9,learned_softmax_gam,,margin,Matched-random spatial faithfulness,Does saliency occlusion differ from matched random occlusion?,PASS,RESULT_ALREADY_EXISTS,USED_MAIN_TEXT,ART-P9-SPATIAL,repo://,artifacts/baseline_v2/audit/p9/spatial.json,models.learned_softmax_gam.pooled_targets.margin,64656d54e573e2ce8c626c6403e6dc295498d233dd90c4152efcd12b9240cfbf,2559,PUBLIC_DEIDENTIFIED,False,SEC-RESULTS-WHERE,"[""RPT-T14""]","[""RPT-F08""]",,RESULTS_CATALOGUE_PLAN:eb3aa9110fc06acd8cd9e2a375b64bcfa5a60d768ef6f37f16e1c693576c5c93,VERIFIED,"{""error_increase"":{""mean"":-0.10900360887862429,""median"":-0.090118408203125,""percentile_2_5"":-0.6181744515895844,""percentile_97_5"":0.4166557744145387,""saliency_greater_than_matched_random_mean_rate"":0.3622508792497069,""saliency_minus_matched_random_mean"":{""mean"":-0.25303229230420277,""median"":-0.2682902271548908,""percentile_2_5"":-1.9268106755614283,""percentile_97_5"":1.4511583353579036,""sd"":0.8260686933438927},""sample_count"":2559,""sd"":0.25087824695529215},""interpretation"":{""error_increase"":""positive means prediction error worsened"",""output_sensitivity"":""absolute output movement only""},""matched_random_values_per_valid_map"":20,""output_sensitivity"":{""mean"":0.21907629181757196,""median"":0.1719183288514614,""percentile_2_5"":0.0007857382297515872,""percentile_97_5"":0.7115722686052316,""saliency_greater_than_matched_random_mean_rate"":0.03477921062915201,""saliency_minus_matched_random_mean"":{""mean"":-1.0808426693243205,""median"":-1.051041740179062,""percentile_2_5"":-2.3738667714502664,""percentile_97_5"":0.028427598923444708,""sd"":0.6597120301124069},""sample_count"":2559,""sd"":0.20005241288350759},""valid_map_count"":2559}"
RES-P9-FAITHFULNESS-LEARNED_SOFTMAX_GAM-LOBULATION,CAT-N,spatial_faithfulness_model_target,P9,learned_softmax_gam,,lobulation,Matched-random spatial faithfulness,Does saliency occlusion differ from matched random occlusion?,PASS,RESULT_ALREADY_EXISTS,USED_MAIN_TEXT,ART-P9-SPATIAL,repo://,artifacts/baseline_v2/audit/p9/spatial.json,models.learned_softmax_gam.pooled_targets.lobulation,64656d54e573e2ce8c626c6403e6dc295498d233dd90c4152efcd12b9240cfbf,2353,PUBLIC_DEIDENTIFIED,False,SEC-RESULTS-WHERE,"[""RPT-T14""]","[""RPT-F08""]",,RESULTS_CATALOGUE_PLAN:eb3aa9110fc06acd8cd9e2a375b64bcfa5a60d768ef6f37f16e1c693576c5c93,VERIFIED,"{""error_increase"":{""mean"":-0.26040998967210066,""median"":-0.1940608024597168,""percentile_2_5"":-0.9383873462677002,""percentile_97_5"":0.05150346755981431,""saliency_greater_than_matched_random_mean_rate"":0.9579260518487038,""saliency_minus_matched_random_mean"":{""mean"":1.4138450284543582,""median"":1.4881559014320374,""percentile_2_5"":-0.19716880932450292,""percentile_97_5"":2.8174846532940827,""sd"":0.7994937932864767},""sample_count"":2353,""sd"":0.2674743105615062},""interpretation"":{""error_increase"":""positive means prediction error worsened"",""output_sensitivity"":""absolute output movement only""},""matched_random_values_per_valid_map"":20,""output_sensitivity"":{""mean"":0.2682210677978217,""median"":0.19468402862548828,""percentile_2_5"":0.0,""percentile_97_5"":0.9383873462676997,""saliency_greater_than_matched_random_mean_rate"":0.006799830004249894,""saliency_minus_matched_random_mean"":{""mean"":-1.687130397686472,""median"":-1.7192458629608156,""percentile_2_5"":-3.46535388559103,""percentile_97_5"":-0.09443262681365068,""sd"":0.8870362575044355},""sample_count"":2353,""sd"":0.2596546516596246},""valid_map_count"":2353}"
RES-P9-FAITHFULNESS-LEARNED_SOFTMAX_GAM-SPICULATION,CAT-N,spatial_faithfulness_model_target,P9,learned_softmax_gam,,spiculation,Matched-random spatial faithfulness,Does saliency occlusion differ from matched random occlusion?,PASS,RESULT_ALREADY_EXISTS,USED_MAIN_TEXT,ART-P9-SPATIAL,repo://,artifacts/baseline_v2/audit/p9/spatial.json,models.learned_softmax_gam.pooled_targets.spiculation,64656d54e573e2ce8c626c6403e6dc295498d233dd90c4152efcd12b9240cfbf,2284,PUBLIC_DEIDENTIFIED,False,SEC-RESULTS-WHERE,"[""RPT-T14""]","[""RPT-F08""]",,RESULTS_CATALOGUE_PLAN:eb3aa9110fc06acd8cd9e2a375b64bcfa5a60d768ef6f37f16e1c693576c5c93,VERIFIED,"{""error_increase"":{""mean"":-0.3091883274352247,""median"":-0.2365221381187439,""percentile_2_5"":-1.0354182958602904,""percentile_97_5"":0.05342208445072008,""saliency_greater_than_matched_random_mean_rate"":0.9601576182136602,""saliency_minus_matched_random_mean"":{""mean"":1.584360949133109,""median"":1.645732991521557,""percentile_2_5"":-0.22628273542970417,""percentile_97_5"":3.1531417470308933,""sd"":0.8486360718180679},""sample_count"":2284,""sd"":0.30630400401236474},""interpretation"":{""error_increase"":""positive means prediction error worsened"",""output_sensitivity"":""absolute output movement only""},""matched_random_values_per_valid_map"":20,""output_sensitivity"":{""mean"":0.31667698908559716,""median"":0.23702239990234375,""percentile_2_5"":0.0,""percentile_97_5"":1.0354182958602902,""saliency_greater_than_matched_random_mean_rate"":0.005253940455341506,""saliency_minus_matched_random_mean"":{""mean"":-2.058544304229127,""median"":-2.016347549855709,""percentile_2_5"":-4.19782664783299,""percentile_97_5"":-0.3292996639385831,""sd"":0.9573477700278022},""sample_count"":2284,""sd"":0.2985626249207275},""valid_map_count"":2284}"
RES-P9-FAITHFULNESS-LEARNED_SOFTMAX_GAM-TEXTURE,CAT-N,spatial_faithfulness_model_target,P9,learned_softmax_gam,,texture,Matched-random spatial faithfulness,Does saliency occlusion differ from matched random occlusion?,PASS,RESULT_ALREADY_EXISTS,USED_MAIN_TEXT,ART-P9-SPATIAL,repo://,artifacts/baseline_v2/audit/p9/spatial.json,models.learned_softmax_gam.pooled_targets.texture,64656d54e573e2ce8c626c6403e6dc295498d233dd90c4152efcd12b9240cfbf,2474,PUBLIC_DEIDENTIFIED,False,SEC-RESULTS-WHERE,"[""RPT-T14""]","[""RPT-F08""]",,RESULTS_CATALOGUE_PLAN:eb3aa9110fc06acd8cd9e2a375b64bcfa5a60d768ef6f37f16e1c693576c5c93,VERIFIED,"{""error_increase"":{""mean"":-0.10591720510675713,""median"":-0.06756442785263062,""percentile_2_5"":-0.7448042884469033,""percentile_97_5"":0.45655700303614066,""saliency_greater_than_matched_random_mean_rate"":0.3932902182700081,""saliency_minus_matched_random_mean"":{""mean"":-0.3488341068388576,""median"":-0.2597411572933197,""percentile_2_5"":-2.61577166184783,""percentile_97_5"":1.419081625789403,""sd"":1.0856201415789422},""sample_count"":2474,""sd"":0.27594030939013425},""interpretation"":{""error_increase"":""positive means prediction error worsened"",""output_sensitivity"":""absolute output movement only""},""matched_random_values_per_valid_map"":20,""output_sensitivity"":{""mean"":0.21829667208202805,""median"":0.14466941356658936,""percentile_2_5"":0.0,""percentile_97_5"":0.8597930729389184,""saliency_greater_than_matched_random_mean_rate"":0.08852061438965239,""saliency_minus_matched_random_mean"":{""mean"":-0.8707615494795472,""median"":-0.6192435204982757,""percentile_2_5"":-3.1196901401877404,""percentile_97_5"":0.2063119372725484,""sd"":0.93171062924134},""sample_count"":2474,""sd"":0.23058041713025698},""valid_map_count"":2474}"
RES-P9-FAITHFULNESS-LEARNED_SOFTMAX_GAM-POOLED,CAT-N,spatial_faithfulness_model_pooled,P9,learned_softmax_gam,,,All-target pooled spatial faithfulness,What is the model-wide saliency versus random pattern?,PASS,RESULT_ALREADY_EXISTS,USED_MAIN_TEXT,ART-P9-SPATIAL,repo://,artifacts/baseline_v2/audit/p9/spatial.json,models.learned_softmax_gam.pooled_all_targets,64656d54e573e2ce8c626c6403e6dc295498d233dd90c4152efcd12b9240cfbf,21611,PUBLIC_DEIDENTIFIED,False,SEC-RESULTS-WHERE,"[""RPT-T14""]","[""RPT-F08""]",,RESULTS_CATALOGUE_PLAN:eb3aa9110fc06acd8cd9e2a375b64bcfa5a60d768ef6f37f16e1c693576c5c93,VERIFIED,"{""error_increase"":{""mean"":-0.1030701793189336,""median"":-0.04083526134490967,""percentile_2_5"":-0.7459328770637512,""percentile_97_5"":0.38940882682800293,""saliency_greater_than_matched_random_mean_rate"":0.526259775114525,""saliency_minus_matched_random_mean"":{""mean"":0.19410271167037121,""median"":0.056285297870635985,""percentile_2_5"":-2.341175229847431,""percentile_97_5"":2.6131236739456654,""sd"":1.267554641826891},""sample_count"":21611,""sd"":0.26490880903874936},""output_sensitivity"":{""mean"":0.1918658461561043,""median"":0.11423921585083008,""percentile_2_5"":0.0,""percentile_97_5"":0.7937890961766243,""saliency_greater_than_matched_random_mean_rate"":0.044653185877562354,""saliency_minus_matched_random_mean"":{""mean"":-1.1230398498783372,""median"":-0.8961941242218017,""percentile_2_5"":-3.3576782003045085,""percentile_97_5"":0.08029768764972688,""sd"":0.9685525945667093},""sample_count"":21611,""sd"":0.22043123836144873}}"
RES-P9-FAITHFULNESS-GLOBAL,CAT-N,spatial_faithfulness_global,P9,,,,Global faithfulness evidence availability,Which global faithfulness summaries were persisted without recomputation?,PASS,DATA_NOT_PERSISTED,USED_APPENDIX,ART-P9-SPATIAL,repo://,artifacts/baseline_v2/audit/p9/spatial.json,models,64656d54e573e2ce8c626c6403e6dc295498d233dd90c4152efcd12b9240cfbf,66769,PUBLIC_DEIDENTIFIED,False,SEC-RESULTS-WHERE,"[""RPT-T14""]","[""RPT-F08""]",A cross-model micro-average is not persisted and is not recomputed at Catalogue stage.,RESULTS_CATALOGUE_PLAN:eb3aa9110fc06acd8cd9e2a375b64bcfa5a60d768ef6f37f16e1c693576c5c93,VERIFIED,"{""cross_model_micro_average"":""DATA_NOT_PERSISTED"",""model_pooled_aggregates_available"":true,""model_target_aggregates_available"":true}"
