series_key,reason,annotation_count
1db5f56e5bacb771e7542a20ee5906cf8379d57ed8e33ec2ebca3eaab440ad51,CLUSTER_MORE_THAN_4_READERS,
3a048b6cf0bee54031498ba1090d47e6461f19c15d149e07fb2fd912060cf6fa,CLUSTER_MORE_THAN_4_READERS,
5ac3dc67622c6681b56de477a2989d9ab2a5feaecee754134b4be3fcc1a739ba,CLUSTER_MORE_THAN_4_READERS,
70514de16935167884a1532c153833a3aba11c1e15fc7b43e3eedaebb69665a3,CLUSTER_MORE_THAN_4_READERS,
7dba63584070ded294e7066b44f0ff96c8ec80f4eae57b62363d9a1ded0b0235,CLUSTER_MORE_THAN_4_READERS,
9eaf0535e1310b1177a7eb15dfb04bbe4fccd093f7bf4c344bb5f892ea3cf22b,CLUSTER_MORE_THAN_4_READERS,
a7d980d3b74f74064be6c6eda0a55c122a9628cba9cd9f5a3eb5ab7f4cf466e9,CLUSTER_MORE_THAN_4_READERS,
a9f793f036ecf3d9ca2f94245da925d2a10c1aef8b801d75926c2bd29e8de8a8,CLUSTER_MORE_THAN_4_READERS,
cacaf2185b18ee4d20e6bf336b7acffd1c90a2423faf018d7bb554451fd6c7e0,CLUSTER_MORE_THAN_4_READERS,
d8d5931a5860eb9f9665f17304afbf4685df3450da7ab39d6256147d575b14a3,CLUSTER_MORE_THAN_4_READERS,
de3bb41b3623eecc2948634de8c76e0d4abb30341fdc6c5a9fa88c335031b8d4,CLUSTER_MORE_THAN_4_READERS,
eaa19370120ad03980c481ca36f7a3cad405ab430df2efa384d2aa0d114bc289,CLUSTER_MORE_THAN_4_READERS,
f419258f435a4f9b07fb5f9aadf95c0dce334541608362362480026ede5c5b8f,CLUSTER_MORE_THAN_4_READERS,
f57f578fd3623a4978f19fcad3b27baa0eece97aa531c6a1b4199bf0955d6003,CLUSTER_MORE_THAN_4_READERS,
5c86bddcbd4d4a93b6fbc540a18f2f5d35d5ca015b5683ad8ce223c3d64b18e7,MISSING_REQUIRED_TARGET:internalStructure,1
02b556d221dfcd678936f9e12bed22d3a9b17905021620f6093149f420d6f99d,P1_EXCLUDED_DIFFERENT_DUPLICATE_PLANE,
cc2f1f6389084459fc15040649fdd47da2c50b2ce9d41d7d08185090bf9f8e65,P1_EXCLUDED_DIFFERENT_DUPLICATE_PLANE,
ee8fcb4cf275c52e977f153e2d907f25918d3a6cd772c707298acae90132cf5e,P1_EXCLUDED_DIFFERENT_DUPLICATE_PLANE,
fed15fa97f94e5b59a8c59cb046ef7d710ca23826a1a70173d118ea69317c91e,P1_EXCLUDED_DIFFERENT_DUPLICATE_PLANE,
017eb33c33caf4742adf92153102a4c5b8c0463face429c4f4a77bf7c380eefc,SOURCE_ANNOTATION_NOT_IN_PYLIDC,27
0199c394b7a33fb1be265d273ebc9c8fd6688e1db54686567ef6abc1b14e19b3,SOURCE_ANNOTATION_NOT_IN_PYLIDC,3
01d561292690b498d7fb133ae14687149c291b55861410a41b14204f059c9883,SOURCE_ANNOTATION_NOT_IN_PYLIDC,4
02016d62c5db33aa01d6ef0ab62fe3faa6be63b76b8cbc7dcf5a09879e01ee29,SOURCE_ANNOTATION_NOT_IN_PYLIDC,2
020e8f9b918a105913eb9b549a0e8b68ac7471c35d243df7277173c64c3087c4,SOURCE_ANNOTATION_NOT_IN_PYLIDC,13
02a025d554e53836950cf5a522e7fbfedfacee23014054313fe5c11c1ab2bdf7,SOURCE_ANNOTATION_NOT_IN_PYLIDC,15
031081d52ca7306323ba0872aefae436807d4ccc46d9c2779ecb344018739178,SOURCE_ANNOTATION_NOT_IN_PYLIDC,13
0330f07e444da389254833933a2dd6a0a52e0eff606f53cc0e1e85f3f419c2dc,SOURCE_ANNOTATION_NOT_IN_PYLIDC,3
033c8760774d87743d4d068168537534a5f838e6104858c79cb4cff29b9e5b6d,SOURCE_ANNOTATION_NOT_IN_PYLIDC,28
0398bc4fb7182320462245509d9b1187bbde2cb40bb920eb978449d6200ee0c7,SOURCE_ANNOTATION_NOT_IN_PYLIDC,7
03b685fbe061615728497ffd0345cc3b7bf8f174c550f7711c8f8a61742f43ce,SOURCE_ANNOTATION_NOT_IN_PYLIDC,27
03fdaad957e08d805b95ebee91b95a5bb8e0d79cb8de694de9addc1e84cf2813,SOURCE_ANNOTATION_NOT_IN_PYLIDC,1
04629b540921264f2d2ff80b195c89bb92b4ce718f853dca41a7887c85417316,SOURCE_ANNOTATION_NOT_IN_PYLIDC,65
04731ea8a334e936b770ba2972ae167a891f2537d580e932420bcff294291e79,SOURCE_ANNOTATION_NOT_IN_PYLIDC,2
0478685619232f133643a01fefb413a4477c70129067af3f010f36b3318eed73,SOURCE_ANNOTATION_NOT_IN_PYLIDC,36
049738ae6b10de92b7207fe355ed92001a863a12f689e6cd6679911792b5fcb6,SOURCE_ANNOTATION_NOT_IN_PYLIDC,6
0533f1953981acdcbcde64e86def34c2db4e16842effea9e6cc741fd895b4fe6,SOURCE_ANNOTATION_NOT_IN_PYLIDC,3
056b07fc8ef299b59e835a60ceb3d82b1a8a94aa6542f25c260c8d9a6a7e6801,SOURCE_ANNOTATION_NOT_IN_PYLIDC,4
057a08126fa6cea8900ecaf455d6aa65244c7f9d1644706ac4ae2981dc4133ec,SOURCE_ANNOTATION_NOT_IN_PYLIDC,3
0584ec31053b87de72058ea7d6c39d80065487253a4b93faa67dd4b559c52b98,SOURCE_ANNOTATION_NOT_IN_PYLIDC,30
05a51c04892a0dcbf04a03d1b1a9dc69214c5a332493b0cc66fb50c2abbaa29d,SOURCE_ANNOTATION_NOT_IN_PYLIDC,38
05a988c6d511e522673081cd226164c334357de57af0703609fdf582c2eb797a,SOURCE_ANNOTATION_NOT_IN_PYLIDC,8
06097d88ce364b2df493c63259d2980d8b0b738e134f4385e68525b891f61392,SOURCE_ANNOTATION_NOT_IN_PYLIDC,10
071b3d30cbc570b4e4cda2bf1e7fcf6df24b922ce05a3a4908b29a07e9537fb0,SOURCE_ANNOTATION_NOT_IN_PYLIDC,37
0738e20097845562d7c87bf1978bda5183378140f7739e9a1271d9a2d9055b40,SOURCE_ANNOTATION_NOT_IN_PYLIDC,22
077831a6b5bf987ca4ae74633747d5fa89f15417f3301c94df9b29e17ab25cae,SOURCE_ANNOTATION_NOT_IN_PYLIDC,3
077dce28c02d3898f268eb5c89b7dcea2360a4335dfa7bcb76dd07239d826fc5,SOURCE_ANNOTATION_NOT_IN_PYLIDC,9
07e11b47eda992247fdd92700dbca5b357431a51b00c9132f189fc13d75c83c5,SOURCE_ANNOTATION_NOT_IN_PYLIDC,45
083c639702c65d0500a52e7074c5f6f335edd9a3d131f859d6d9c63e2f3e2be4,SOURCE_ANNOTATION_NOT_IN_PYLIDC,2
087795a96d2529cddc109a5e638ee3feac5b41dfc145403798b391fedd72aec1,SOURCE_ANNOTATION_NOT_IN_PYLIDC,1
0879e6d9d4672560959fc60ca3cea8a9e97e72a5b3bec8137aa49a647ac6d224,SOURCE_ANNOTATION_NOT_IN_PYLIDC,14
08de7fd133f99c98600793f9dd334d7c5b091eed15ca570f158ecb69761b595e,SOURCE_ANNOTATION_NOT_IN_PYLIDC,2
08e274ed31740dc28ebb02f785e20fb4c84bc4dbd5960ad01951f2bc2a7cadc8,SOURCE_ANNOTATION_NOT_IN_PYLIDC,11
09ee7e32350523ef7f471ee00712c49673352df76cc412317ea215316294478f,SOURCE_ANNOTATION_NOT_IN_PYLIDC,4
0a00e239cf964cc9791ab18b9034d930a563c5e809e537bf8c563f353bb0f1c9,SOURCE_ANNOTATION_NOT_IN_PYLIDC,18
0a3309c6120b87ecb65fcb29d577348e01f99125d868d58466a978e275abf2cd,SOURCE_ANNOTATION_NOT_IN_PYLIDC,2
0a72ac1f5368fcfb5a65c8436ce9d2ce0bc99b63e719292f7ec681938689471d,SOURCE_ANNOTATION_NOT_IN_PYLIDC,10
0afdfd089b89757f95c97b76a7f3d603f22feee941e6ea142f8eb9e066734be9,SOURCE_ANNOTATION_NOT_IN_PYLIDC,6
0b3b846a0c5cb7e17845de7156cbc45e49270e98e75ee08d83e1f906f61b7a05,SOURCE_ANNOTATION_NOT_IN_PYLIDC,1
0c0a48dbf8916dd54d30133d5f54f3b86cabd8439a9694a950dfb3c41723118e,SOURCE_ANNOTATION_NOT_IN_PYLIDC,1
0c424257ebf683e22076b48582679cb489bc38f9db05a492dc5811192892f6bd,SOURCE_ANNOTATION_NOT_IN_PYLIDC,11
0c542f659692973ead5f721059975492c6993d0e5b2faa1524f538bab8463e81,SOURCE_ANNOTATION_NOT_IN_PYLIDC,2
0c767b0c8c8f40f08354f1124ae8ced845bc6bc8a1280a4eb5bf960995f5d240,SOURCE_ANNOTATION_NOT_IN_PYLIDC,4
0c984c760fd7c714a86277173170f67987b67be07ee9358a4a59373718ff0148,SOURCE_ANNOTATION_NOT_IN_PYLIDC,14
0cdfe14daf777d63a414da6dec83245f25a5e4cdb6bb051f1b152638abd236d7,SOURCE_ANNOTATION_NOT_IN_PYLIDC,10
0ceab3ee1a1033285b63c9a7d32156b1d9e31fdd36880b996cf394ef440e1bf5,SOURCE_ANNOTATION_NOT_IN_PYLIDC,7
0d272208118eb1acb3f351601f0815558860e5a7b63aa894fa4e7dd5a8df630c,SOURCE_ANNOTATION_NOT_IN_PYLIDC,2
0d617e1c6ad2694577f4b3fb98e8b30c604d7b64a31dc4ae3df17cb218feb872,SOURCE_ANNOTATION_NOT_IN_PYLIDC,1
0d8310d2895c3b52a676c8c7c1367684aa7144e3b12d34b769764efd668a8014,SOURCE_ANNOTATION_NOT_IN_PYLIDC,3
0dc3fbf341804f99ae91f18f124b9dfcebf4bdcb06e10fe514e2fd4abf5ff25b,SOURCE_ANNOTATION_NOT_IN_PYLIDC,10
0e3eb0a90c137d1d3632209fbd600c6bd63aa783d23081359b24dedab52ebffa,SOURCE_ANNOTATION_NOT_IN_PYLIDC,9
0e5d3dfd5be1114a60bc10f8b3d06052b59248f4f8212077607e98bff0b97751,SOURCE_ANNOTATION_NOT_IN_PYLIDC,2
0ef41a8f8d5f495d51d41cc88b160d32ee66adc894de01b010499db96869c93f,SOURCE_ANNOTATION_NOT_IN_PYLIDC,5
0f7f8c991ea414084a4d67dbf2ba940d22dc60256d078e4ca90943ec207a21b0,SOURCE_ANNOTATION_NOT_IN_PYLIDC,130
0fa2400dd15f109e5354cfd32304e294ea660b79d518963382c4f58504af9a81,SOURCE_ANNOTATION_NOT_IN_PYLIDC,22
0fd94d661b6d3cde304fb37ca2134cb2366d48a64918c059df172d29b830685b,SOURCE_ANNOTATION_NOT_IN_PYLIDC,19
1036eab32d673aa4e465bb2aa97fcb99e08a6e4b31ce0cb02454a11819378610,SOURCE_ANNOTATION_NOT_IN_PYLIDC,1
11fa486e75356d924fa39b1e2f044ca407b2b36072e5e066a640d4c439bfe932,SOURCE_ANNOTATION_NOT_IN_PYLIDC,2
1200e886e747ee7071b9bd37bce10d9830f90ec2921d80f54d9965f832fb438c,SOURCE_ANNOTATION_NOT_IN_PYLIDC,11
125f9d4abf69f6f0f39607d4b453fef104ad94308e7b47100c4b30dc86fc496c,SOURCE_ANNOTATION_NOT_IN_PYLIDC,1
12674c901ce5d1986a1b295391f48327fd7ca2bd03ec5e5eb73574dd66026bd3,SOURCE_ANNOTATION_NOT_IN_PYLIDC,98
128fbae1955d44c5dd2223a990fd9f1edfcc100945de3d90af2dde339db882cd,SOURCE_ANNOTATION_NOT_IN_PYLIDC,8
132cfeb0b705a2634327f9903de24ce047a5dc5be2bb3c9abfffeabc34772e5c,SOURCE_ANNOTATION_NOT_IN_PYLIDC,64
1333130b82059d4ae41eb2d68fb9bf081883e133d3f5f09dba717f20929c89af,SOURCE_ANNOTATION_NOT_IN_PYLIDC,13
1393597c32770adbe560dad47b3d91b33bd55b715d91e29531eb4de2a6ce7c82,SOURCE_ANNOTATION_NOT_IN_PYLIDC,2
13c447687aadbff9013b724cd24dd3c7410b5277d37342f12011d05d3e27284a,SOURCE_ANNOTATION_NOT_IN_PYLIDC,8
14cb0f0779358eabfb65a689cf88069764c85dad6c02016517d60cd0381dcdb5,SOURCE_ANNOTATION_NOT_IN_PYLIDC,38
15af231e00be25afc90eb50f3b2ec2495e6e308d5593565ce57177a7644daa3d,SOURCE_ANNOTATION_NOT_IN_PYLIDC,3
1692fb2ed5671a6b7380cb65c262999071a35cda71faab24598fa2c74f626997,SOURCE_ANNOTATION_NOT_IN_PYLIDC,6
16a820733fdf158addbb8b2ef5edd1b119756264fe569c115e4e3787f8cca0da,SOURCE_ANNOTATION_NOT_IN_PYLIDC,2
171baa64eec95b7c8e67d25471562ab5d408486814410c487f3f1153cbdf8a39,SOURCE_ANNOTATION_NOT_IN_PYLIDC,29
1759b2a3e873be69d7425a330a12fc0c40c16bc45b92285798e104cc7bafa434,SOURCE_ANNOTATION_NOT_IN_PYLIDC,97
17686e9c3a2e2e32aba0b76f688fce66cc332186a5fdfbe3e9b51e9434dbe44e,SOURCE_ANNOTATION_NOT_IN_PYLIDC,11
17c65da4b8b9a857d87c250ba32c895ddddef811fa55bae29c23b29e5a94054d,SOURCE_ANNOTATION_NOT_IN_PYLIDC,10
182659c8548dd675050d36261289374ac7fd9baba6af817ddcec3409c7280e64,SOURCE_ANNOTATION_NOT_IN_PYLIDC,45
18834c1a7153f09bb752934142f689cf0af2e37753faf76ed069c91c80b291be,SOURCE_ANNOTATION_NOT_IN_PYLIDC,16
18ded0043a796f67919f0ec8270434967518a8a74a7285ffcef065606d45574a,SOURCE_ANNOTATION_NOT_IN_PYLIDC,8
18f59c6d2b69fcbabb23a31c6cd0345a82bd962c4033dcf080a59b0d730d132d,SOURCE_ANNOTATION_NOT_IN_PYLIDC,1
195daf2584db59cbff9ce9d0f41fcc8e233e01b80385d62c26e1c1ccf228612b,SOURCE_ANNOTATION_NOT_IN_PYLIDC,14
196c43273206a0bf0ea61abf851bfe2627e117212bc734ac21fa4f579f457855,SOURCE_ANNOTATION_NOT_IN_PYLIDC,28
198b926aa683c91872316225b6a043342224b93fa865734f6bccd8990616f4a1,SOURCE_ANNOTATION_NOT_IN_PYLIDC,4
1a22d4f369a5affba3e9133e196df7e54d9f0f1fc6eaae649466328d3be14d32,SOURCE_ANNOTATION_NOT_IN_PYLIDC,60
1a259fc000151bc621a8396138e5e1b5cf170d8660e36dff59be3d4375ea8bef,SOURCE_ANNOTATION_NOT_IN_PYLIDC,2
1a821d53e86c5e374fce967017f38fb9d906722719b16a6c2aea27c7c70accba,SOURCE_ANNOTATION_NOT_IN_PYLIDC,12
1af09f0bb2e6117bcfcb9051151f78f867c1a7342eeac33e33e3b1c1d93660c3,SOURCE_ANNOTATION_NOT_IN_PYLIDC,5
1b6aaf1e31fab17ba20bf1bca98c32f2e053c7ed2b7ce7b65b63289be25d3d8c,SOURCE_ANNOTATION_NOT_IN_PYLIDC,45
1be0e8d89d406f3e4bdeb2ce8dc0cc7cb6cbc0626bf5238f37f39c56996fab79,SOURCE_ANNOTATION_NOT_IN_PYLIDC,8
1be72813fdc23e5629ba4300094a6234d80ea6deca140b5eceddf7b352dd5de6,SOURCE_ANNOTATION_NOT_IN_PYLIDC,22
1bede1b64557d7f0e98cde80a2e8c04b6324b43e1840f104a2f30d825cef7cd4,SOURCE_ANNOTATION_NOT_IN_PYLIDC,16
1c167dca37d699d8c8fcb4cf1c7fa5a5d74979d8a85f9d9ccca91023e1f90b75,SOURCE_ANNOTATION_NOT_IN_PYLIDC,117
1c6656b662ed8f30fed9777f1de77d4d4cc0df9d2dd769a38de27739b62b07da,SOURCE_ANNOTATION_NOT_IN_PYLIDC,45
1c85cb86cfc3040587be3252125907bdea87cdd1b07d37dc30269efe447dc010,SOURCE_ANNOTATION_NOT_IN_PYLIDC,5
1c8c2ba61c554479b651bda85e3b5b574de423a34cdf606167ba823fb95caf62,SOURCE_ANNOTATION_NOT_IN_PYLIDC,7
1ca777881c4c8778756f36dfe50c91663b5ea8a32043646faed679e2c0dd9ef5,SOURCE_ANNOTATION_NOT_IN_PYLIDC,41
1cf90ae1f109d51952ac745035dba52cc10776cdb1d2f90a7520dd937241a88e,SOURCE_ANNOTATION_NOT_IN_PYLIDC,6
1d285799741f9fac0a07bfb90614999cc6aad0fe75ac3f53dabaf14d6df10379,SOURCE_ANNOTATION_NOT_IN_PYLIDC,41
1d2ca96e12971ad9da3ea9ee1f8e35bcb1b09674133ef9fc978f164d2ea673f1,SOURCE_ANNOTATION_NOT_IN_PYLIDC,2
1db053457ba909c4ce98407e5546fc0f97396b0b53dfd569facb4fbfd44e4a06,SOURCE_ANNOTATION_NOT_IN_PYLIDC,22
1db5f56e5bacb771e7542a20ee5906cf8379d57ed8e33ec2ebca3eaab440ad51,SOURCE_ANNOTATION_NOT_IN_PYLIDC,8
1db608ab5c1f5fe6b5836c03e3ac0d113661ddee19cba73a773caaecb3b8800f,SOURCE_ANNOTATION_NOT_IN_PYLIDC,3
1e1beffc25d73674e5a46734965aa2eff47c54a3c98f1f4ddfaaeff3dbee78a9,SOURCE_ANNOTATION_NOT_IN_PYLIDC,12
1e212286961fff776f9afa3c1d12919603409ae742fc4650db3f37b037fc4f44,SOURCE_ANNOTATION_NOT_IN_PYLIDC,4
1e447745bde1ef88926cf4e13f28029999f727e5f31aec9639d127059bfda95f,SOURCE_ANNOTATION_NOT_IN_PYLIDC,9
1e4dcce6c155c1adee7f71aa7567fe90f67b5ed8f7c89ac1b363c43c23cbdbd3,SOURCE_ANNOTATION_NOT_IN_PYLIDC,34
1e5528d26faec3ae37ab403976b694bdab9cb7b513780ef9aa358c06998ed049,SOURCE_ANNOTATION_NOT_IN_PYLIDC,3
1eca9b4b3168e1149939a3fb240a936c532c73259980b44ef1c5848daee2f45f,SOURCE_ANNOTATION_NOT_IN_PYLIDC,10
1f017ff54a609ee20f88934d03bc9a0c3463be5d9ac2690a50074122f2732dc6,SOURCE_ANNOTATION_NOT_IN_PYLIDC,5
1f1de45079e055dca6d40fb53675cb5134da52a097e326e5bb9bde82a2c8d549,SOURCE_ANNOTATION_NOT_IN_PYLIDC,10
1f253b3bceb09b6d447dd74ff297db6320cfa3dab0b619e00716922d9ece15be,SOURCE_ANNOTATION_NOT_IN_PYLIDC,19
1f654505dab9efafc031754ef7651144cfef628b30f2f9d78cac7a15ae259e55,SOURCE_ANNOTATION_NOT_IN_PYLIDC,49
1fcfd3d511ef866e9648a9b7f24c22ad99237e09dfb68c7c4c13afad6d6353e9,SOURCE_ANNOTATION_NOT_IN_PYLIDC,9
200afb71e91f7522f43a185802a6d583885738175fec9770379f5b6a29f8743d,SOURCE_ANNOTATION_NOT_IN_PYLIDC,19
2012b93ba19247f10a4e56da6464cc98ecd3cbc1083f04452b70b575e37ce2a8,SOURCE_ANNOTATION_NOT_IN_PYLIDC,15
2027f74b4a33aea26184a8844382594250b4d7a80a72fa600a3c8b746bce0dad,SOURCE_ANNOTATION_NOT_IN_PYLIDC,11
20bf2c973db54894bb104a89b9e0fbde71cbf5c7288128919ae97c28378f79d8,SOURCE_ANNOTATION_NOT_IN_PYLIDC,46
21dbc35ad55b0aba6242e4e8d7b73c3aed8166c454cf549384f2dd7d6f9ab0f2,SOURCE_ANNOTATION_NOT_IN_PYLIDC,4
21f6364cf9c064130e7f5e4222e0365bfea4b9358997f28343e15c91e7877150,SOURCE_ANNOTATION_NOT_IN_PYLIDC,4
222ebdeaa4fbca86d719338e1bf7ac91ed9e30bbbe16140a7f1a85f1575e5212,SOURCE_ANNOTATION_NOT_IN_PYLIDC,48
224185d39f308c7157db8a170b8e54b19da9c457a1c87ba36540615dd10a2bf2,SOURCE_ANNOTATION_NOT_IN_PYLIDC,32
2358a3f7dd40791e94b4ec8ba9b83ddbdd368e2c689a714941e2042259bd082a,SOURCE_ANNOTATION_NOT_IN_PYLIDC,4
238376553a056457adda473a2856e7bedf3d32853646d225f44c6ff3aea0ea87,SOURCE_ANNOTATION_NOT_IN_PYLIDC,12
240fe9fcf22fb6df7736d2048fa472cf00eac9971beb14a5818c164dfb70ea93,SOURCE_ANNOTATION_NOT_IN_PYLIDC,6
24ccf4547770196b780bcf6d361826d6a3aeab8bcd7737d3f46549e8cd574cb1,SOURCE_ANNOTATION_NOT_IN_PYLIDC,8
252bea0ced4dd390d105d4e375bb7a7d7725a5efd506148ed48e4a8cc3c2fc91,SOURCE_ANNOTATION_NOT_IN_PYLIDC,19
25321c8f49c0740e9554ee83264d560eee5adbca31133c7b97de4aa626a4efd0,SOURCE_ANNOTATION_NOT_IN_PYLIDC,5
2543a59b8c362bcc23042e50e02b7e7bcd01f403fd30c0dc885603cfbae6ae5b,SOURCE_ANNOTATION_NOT_IN_PYLIDC,17
25834fcbc80daad9d321ed210e5e81f83a90a0b356333b6c5e1f4901f5b7d89b,SOURCE_ANNOTATION_NOT_IN_PYLIDC,17
25beea9001f80d2acc480e9fa1e3f0804d297f5557b6cb25ae297b2b7c2d9ff5,SOURCE_ANNOTATION_NOT_IN_PYLIDC,2
25ce7f3ccbd0bb4c08e47ca0b8644355553900060fb1476dd17e37554c8510a2,SOURCE_ANNOTATION_NOT_IN_PYLIDC,9
25f8c0b44995cd9558e059eecd6a083be3c8b9b5434ea947f6442132fdd2e3ba,SOURCE_ANNOTATION_NOT_IN_PYLIDC,5
260424e90fa3c679ef87ea2d079097574088505d19a28d0aa7e7f624bdb66dc5,SOURCE_ANNOTATION_NOT_IN_PYLIDC,12
262f4cc84d2f5424611ecb410d9b24d2a8e06bdd71ad8297344a2692ee5c8722,SOURCE_ANNOTATION_NOT_IN_PYLIDC,5
263d9e9d351840bb041daee3e49a926f5c60089479ac410f137e416058241d99,SOURCE_ANNOTATION_NOT_IN_PYLIDC,6
26b0c83c8ba9df4fe6987ec4e5a552f92716365ce539336bf8f1adae4a6b9645,SOURCE_ANNOTATION_NOT_IN_PYLIDC,10
26f224738d03b9ad2b7fdef57af563c6311d9e0d18e1a4738ed197f8bbe30064,SOURCE_ANNOTATION_NOT_IN_PYLIDC,5
26f59133a54dd07bf4aea354c2da1fa4ee84a48e958ee72c20dc6ca334c365d1,SOURCE_ANNOTATION_NOT_IN_PYLIDC,4
2705ba2b166cc142cbeb39888af71cedc1b783449526237e493f8d8c65fd7135,SOURCE_ANNOTATION_NOT_IN_PYLIDC,7
27454b8290da407deec4936e178f53c9ba970f118c05a0d7c4115cc67853e628,SOURCE_ANNOTATION_NOT_IN_PYLIDC,16
27652f2e8443f12b34a26836b759e07840b6e006b00c42ec2319b6f3411aa8a1,SOURCE_ANNOTATION_NOT_IN_PYLIDC,57
27989dfbe53765283accb68a08c0493c7968f12f13cf99330f1460c170b1e9bc,SOURCE_ANNOTATION_NOT_IN_PYLIDC,11
279f2141517aa8def3dd202bc3e8c328c0cf5a28a358b53fda80c55ddb7a1d6d,SOURCE_ANNOTATION_NOT_IN_PYLIDC,2
27dce1aa960f6f54d14a7c9a77d15db3cba7fa043b113b814c003c9e9ad1c94c,SOURCE_ANNOTATION_NOT_IN_PYLIDC,4
27f593c77af10614cb853b72f930a65af7c589d0add1fdaf35a44e2793076f48,SOURCE_ANNOTATION_NOT_IN_PYLIDC,8
28374f246b0afee052b4ef9d1f8f71584bd3cb90960c955db7264439b6451a23,SOURCE_ANNOTATION_NOT_IN_PYLIDC,12
286091ee82f5c8648d6e7694bb9f15570b1e8d53d38a362a9117ef30e96c0f1f,SOURCE_ANNOTATION_NOT_IN_PYLIDC,7
2878b3fea6922634691b9c77b8a2a715c2c83b92d4e1ad49aa2b0a628dd71e91,SOURCE_ANNOTATION_NOT_IN_PYLIDC,8
28cac77d0d68b9338cf7a29bc384be426ea6dd965d93914049844002bdc346b0,SOURCE_ANNOTATION_NOT_IN_PYLIDC,44
28e8736c0a1c9f598509bbddc9919a8109502fac0a5a5ef1ae3bb567519be243,SOURCE_ANNOTATION_NOT_IN_PYLIDC,6
292e00cea918314abd5f98b1e1de7907f8ccae82d74498d838ec88a59e256d69,SOURCE_ANNOTATION_NOT_IN_PYLIDC,13
2973ebb3db97191dd58017af201aaf32845c5c4a2e8d808f76b29865f1725fa5,SOURCE_ANNOTATION_NOT_IN_PYLIDC,7
2986ca14c24687330bfa653fb1bc72aec2c981b4f1287a4e45d0b9accd52e7e8,SOURCE_ANNOTATION_NOT_IN_PYLIDC,7
299cf3168f8f5d12ed467cf96a5b256bc7ea01b161ce4da3d2a7bbc5b63afdc6,SOURCE_ANNOTATION_NOT_IN_PYLIDC,7
29babd5a963aa3c43fdf91a2a9c3fa58d281fc1a1c4f71ec5ed68a0fc531b92c,SOURCE_ANNOTATION_NOT_IN_PYLIDC,6
2ade5c088b4e1fa51fc41f7cfa80bf59c1ab78614749a7090b347e9efa0b9840,SOURCE_ANNOTATION_NOT_IN_PYLIDC,2
2b177dd4d5bc9604a175dd5378fc8274a0e95588f62c90474c29d4e99ccb3a4c,SOURCE_ANNOTATION_NOT_IN_PYLIDC,25
2b6e1f154035b30483c0327bd2db20b0f5b3ade0f07d4339e450edd917d46fdc,SOURCE_ANNOTATION_NOT_IN_PYLIDC,15
2bc34633fe4384311b1f4b4b448dbcb9b3d7e4801f04ee04e98da3cf5723a352,SOURCE_ANNOTATION_NOT_IN_PYLIDC,108
2bf12b9e18b199e76ad17b5625087531a99b54b8917a377ae8af263cadfe20a9,SOURCE_ANNOTATION_NOT_IN_PYLIDC,12
2c1814d3d4b0d12dff142869fa8d89c204972be542524fb6ae7ca0b5ceef0dd7,SOURCE_ANNOTATION_NOT_IN_PYLIDC,4
2c543c5965b1e2bd80ac62fb67e85793cc141870f25c689dd85923862ad765e2,SOURCE_ANNOTATION_NOT_IN_PYLIDC,21
2c580ff3e63697d33d741191c828acf0657957e01b99283b3f0f856512feeeaf,SOURCE_ANNOTATION_NOT_IN_PYLIDC,21
2cb3bf035775a817864be63553fb698ac9f6c0792da5e7c783800768eb2bc06a,SOURCE_ANNOTATION_NOT_IN_PYLIDC,11
2cb7eb05836ccc155ea4610bef547b28df898abf9c05416e54e7ea644ea3b55c,SOURCE_ANNOTATION_NOT_IN_PYLIDC,13
2ceecfdc0754d62bdc36030e2a49a486552b0c874eda1522b02234e54f7d59e8,SOURCE_ANNOTATION_NOT_IN_PYLIDC,7
2d042d4b4317ef6964e9206c18a44ad56ab6aaf3c1178e7112eb67e35dc7f3e1,SOURCE_ANNOTATION_NOT_IN_PYLIDC,14
2d1789dde75a18d38430be72a04fb6542f9cccab32362269cee8051e7f2f69b5,SOURCE_ANNOTATION_NOT_IN_PYLIDC,9
2d18761c520c3474df2a991e4294d802f6b3dc8b95e9f287f06e3a70621c5e2c,SOURCE_ANNOTATION_NOT_IN_PYLIDC,12
2d1ad1ca09aa98dcdddf4ccdb5d754420cd63a38a84434c1f9d1f770d0773657,SOURCE_ANNOTATION_NOT_IN_PYLIDC,9
2d41466ef48eb162f60e10913c84585eef5d2a19a77713e43094dcdd8f969c38,SOURCE_ANNOTATION_NOT_IN_PYLIDC,5
2de448a467e0fc9eb71e7382d7c400d3bb20fe52bd7eb05cb67d6457fb2cc9f8,SOURCE_ANNOTATION_NOT_IN_PYLIDC,22
2e3cbc11b4710be4b90f5a669d8b04f99557847c0011fe6bd0e6402fb58326cd,SOURCE_ANNOTATION_NOT_IN_PYLIDC,5
2f06122d009f2db9070c39d3e5274889f2a73b711376490fa6b1b0f673b2fd1a,SOURCE_ANNOTATION_NOT_IN_PYLIDC,8
2f697ae7a7f78e87abd4815441812809d932f50ba5ef40ac73b2e09c788395a6,SOURCE_ANNOTATION_NOT_IN_PYLIDC,30
2f732626edc654f2fbfe9d656253257314a820fb4a6717e8b04dafe15ca049ed,SOURCE_ANNOTATION_NOT_IN_PYLIDC,23
303d74dc635596adb62fafe0b8003b99ccb2bc2185e916daef1b9a9d6ee98b90,SOURCE_ANNOTATION_NOT_IN_PYLIDC,27
303da103c4f1da484a92bdc35db5e01af8b35104ccefd2ebdc9a094186066ffe,SOURCE_ANNOTATION_NOT_IN_PYLIDC,2
3060bf4575f9dfe8fb9b604af06dcd2d02b4501f2e16fbf2fc7b47829535ca87,SOURCE_ANNOTATION_NOT_IN_PYLIDC,13
30b068ca5b1034523002f6c38e1afdf979274069698e773fbb1a0e89d1dc833e,SOURCE_ANNOTATION_NOT_IN_PYLIDC,5
30d6acd500c74f0c57a1b92eb1ca79f006e55dbccae040c7b2c750354517fa1d,SOURCE_ANNOTATION_NOT_IN_PYLIDC,30
311843f7fdadcea9da0d5a233524febf0469d7998950ac86f94a4bd3e0f09f46,SOURCE_ANNOTATION_NOT_IN_PYLIDC,2
314db4b466e9557f7c4a5021460e131269cd9dceab0d0493bc46471b073671aa,SOURCE_ANNOTATION_NOT_IN_PYLIDC,4
3197ba2d1d4db687ea8804b9c773af99f3fb9dd6fdae10ff3f610fcd77ac3d87,SOURCE_ANNOTATION_NOT_IN_PYLIDC,4
31da7c70169a0d38f7c5d279d4ac52a9f74891022909a1598ba4980e93f837bf,SOURCE_ANNOTATION_NOT_IN_PYLIDC,13
31f17c337054fd51b313040eba7dc5361bb83ed3a6655838427311a4d5103865,SOURCE_ANNOTATION_NOT_IN_PYLIDC,12
31f64b38b29a5e2ca4cdd3867ce806badf8283bb2f2f236e0031fe6e761e8949,SOURCE_ANNOTATION_NOT_IN_PYLIDC,7
32fcb79af74e02538d742a6da24dbc9051bf34ba2fdaefbdb4ade36360b4030b,SOURCE_ANNOTATION_NOT_IN_PYLIDC,10
3378a7aeec097161be0e7452301ef023ad30bf96a0aea4874e595250cf6c2262,SOURCE_ANNOTATION_NOT_IN_PYLIDC,16
33d60114c8b0ff2c6847859b76e5a678c2d0b29c8396360bd0f2eeb4463fb903,SOURCE_ANNOTATION_NOT_IN_PYLIDC,10
3428ffbf077a4b63dd41214cb76b500f54ea9e8f4f3366512e16a2cc6d0072f8,SOURCE_ANNOTATION_NOT_IN_PYLIDC,3
342c3561b4370452e3ee2abb470f3f4c4d887585052f9bb62c516ab2640cbe66,SOURCE_ANNOTATION_NOT_IN_PYLIDC,3
34670a862df4c8a3f68a7c9c7d573f8cd666cd748a5343f2bfeb8c3d6e539dc4,SOURCE_ANNOTATION_NOT_IN_PYLIDC,4
349db9d825bb29ae6bf07b8d28c89888c41536426f25e9f389b9956a30d1d963,SOURCE_ANNOTATION_NOT_IN_PYLIDC,1
34cc9a4041b630787bf4f10c640409468cc2aeed1804f6e4b3c870ae72fefe99,SOURCE_ANNOTATION_NOT_IN_PYLIDC,41
3584699f35e4a3ae184f7be398d3356649b92c7d2902e7ac9b8b04d7fb91ed6e,SOURCE_ANNOTATION_NOT_IN_PYLIDC,3
358eb4579f9f9ec93452fad8f4b6da5ef961a5260ad7474ac8ee8b259e609cad,SOURCE_ANNOTATION_NOT_IN_PYLIDC,4
35cae43beaf79d9fcea61e927b1a2f834c0c9f9f3190dd297239510f2b626519,SOURCE_ANNOTATION_NOT_IN_PYLIDC,8
362a67f731b1e4a041db55f7273b41444cd2acdab7ca76f5b7cda931ef6877ac,SOURCE_ANNOTATION_NOT_IN_PYLIDC,76
363f0e9fb85c2b357fa7fedcf357b05da90b3d390067837e91df824047db2193,SOURCE_ANNOTATION_NOT_IN_PYLIDC,6
3655669d8078d4046dad0c5517da165dd9370df7a8f0f8ba4cdcbd864e39b76a,SOURCE_ANNOTATION_NOT_IN_PYLIDC,8
365d3c1228a4a2cfe8dcbd9edcb49e4c7b6ef0b869664d292de4b75d334d9bf4,SOURCE_ANNOTATION_NOT_IN_PYLIDC,14
368ad1a682f9f402dba29d3fb007558cfde7e12165daff38ecf0e28ac2af56a3,SOURCE_ANNOTATION_NOT_IN_PYLIDC,3
36a84e6f5cc2435e5b71ec23fcaa505885e44136ad58caa278ea0eb65eb68c1a,SOURCE_ANNOTATION_NOT_IN_PYLIDC,18
36e80f357cd904fa0d03c8c16d490bcec45205b18227ad8a1d44c40f1776bad5,SOURCE_ANNOTATION_NOT_IN_PYLIDC,21
37164c090625debc8411e91fe1f9cd593820e1d2e641c1c41ee0cd86fbdc3500,SOURCE_ANNOTATION_NOT_IN_PYLIDC,18
3739ba78fbaba6efdb39393ca7585ab55041a828d24dd70958ef225e11684d16,SOURCE_ANNOTATION_NOT_IN_PYLIDC,5
3744aee41a45ca756b32c26de93942fe5fc58733978a98d113c5c769f8412acc,SOURCE_ANNOTATION_NOT_IN_PYLIDC,1
374cc0ec0745d2f7fe361908ac1b18771462999f009f383829dd4b56dcac98ba,SOURCE_ANNOTATION_NOT_IN_PYLIDC,5
37700b636d1bc241d6d05205e39749e62fce626f211d9ce26f11fec5315d00f9,SOURCE_ANNOTATION_NOT_IN_PYLIDC,35
37d1247afc042d0c91683a1a1c7f6ea6606586fb0623a99c893fa25dc781b44e,SOURCE_ANNOTATION_NOT_IN_PYLIDC,1
387145ebb5f466325c6e425ca785e3a24ae26d00dc072c87fb0b2a3df2d21e25,SOURCE_ANNOTATION_NOT_IN_PYLIDC,2
38d4771f94d88af332d3bf18a10f3599a01fece85bf48e8a6fd847d5a0c768a4,SOURCE_ANNOTATION_NOT_IN_PYLIDC,13
3905ed3874b8b90767a675794793b57eec3a7d2c736f223b23da426d37333eb9,SOURCE_ANNOTATION_NOT_IN_PYLIDC,1
391e169b20d345221c6df6a16ba57694c4f86cf79df4783354909bf50a7735c8,SOURCE_ANNOTATION_NOT_IN_PYLIDC,14
3954138ff967e7594a9c949c86bbfce5bfb577a684b32e9586d5e3c8a914326d,SOURCE_ANNOTATION_NOT_IN_PYLIDC,12
396dfe2c125194d789126868774291681a1d6b23fb947479a6b7c9fd623f9d30,SOURCE_ANNOTATION_NOT_IN_PYLIDC,4
39bc3b4db11168b77b50d44990bc0c9d97f958c64333f01b02d7f61d7a7e81c8,SOURCE_ANNOTATION_NOT_IN_PYLIDC,10
3a048b6cf0bee54031498ba1090d47e6461f19c15d149e07fb2fd912060cf6fa,SOURCE_ANNOTATION_NOT_IN_PYLIDC,4
3a31060c769081075c54b6b1f60ecb8a4be9f179d8b7b1b3ed57cb600c25a33e,SOURCE_ANNOTATION_NOT_IN_PYLIDC,19
3a6a03cbc69cdc7fdffbc8d4dbbd2aea38178bf10bc3c1e6f25f9549a0313218,SOURCE_ANNOTATION_NOT_IN_PYLIDC,54
3a6d848a60f9477687ef7bf6bb1539eaa791a1ce332c591e3a9ca63d99617709,SOURCE_ANNOTATION_NOT_IN_PYLIDC,11
3ad056003cd93069aec5fa58d64b86f3b783d5f1fff102283dc770be0640df76,SOURCE_ANNOTATION_NOT_IN_PYLIDC,30
3b5475f748d4a6cef30a77f95a1c8b667b25ffdf5c729a062b8634fe90536ea8,SOURCE_ANNOTATION_NOT_IN_PYLIDC,16
3b6d36ff3f1c8bba3db3e7f28da97112564441a8634045edc079948e1793783f,SOURCE_ANNOTATION_NOT_IN_PYLIDC,61
3b8f019c5347e9f6e0e15634dd80e49b126068f07ebdd6b0fc590c7fca3d8cc8,SOURCE_ANNOTATION_NOT_IN_PYLIDC,20
3bcefd7858fcdc7b8c2da726999d6137cf04997333cd174bd95b338ccfbd28c9,SOURCE_ANNOTATION_NOT_IN_PYLIDC,17
3c10230e4aee32f987244f69433840d34dce3efa532a626cbb2bb6b22567fe24,SOURCE_ANNOTATION_NOT_IN_PYLIDC,8
3c786c28b480ccbec9e0bf3622a8dd06788e505127cc07f1a912fbceb7a53cfa,SOURCE_ANNOTATION_NOT_IN_PYLIDC,4
3d1333bd35e55a1e75162691e16599cc578f98e7a101318b9785e72e6889f4ae,SOURCE_ANNOTATION_NOT_IN_PYLIDC,10
3d46823a791d030985f0b7d2ac8c3aa2a40fe4d7cd34c96e9a9840d384395799,SOURCE_ANNOTATION_NOT_IN_PYLIDC,3
3d581f71363a39cb648c352ddf1929416302f99fc62fa58feef1c78cb0f1ab20,SOURCE_ANNOTATION_NOT_IN_PYLIDC,13
3dde8b247c58804bf928f6a547815b0c2d08ced7633a45156e03f7b3b9232c11,SOURCE_ANNOTATION_NOT_IN_PYLIDC,24
3dfc344e1fc1d2efd8dd55a49da5c8d29e85b04b0e6a79965f3101ffe25bf6b6,SOURCE_ANNOTATION_NOT_IN_PYLIDC,1
3e6a9da8997c0740e9d064e0adad676871d87ca6aa0cf4cea5340a9eee068924,SOURCE_ANNOTATION_NOT_IN_PYLIDC,48
3eca9f58c2280780c24f934c0a88cefd77bb7d85f8c550f17c7886153114799f,SOURCE_ANNOTATION_NOT_IN_PYLIDC,11
3ed0f6beebd8041b1949a2e64905b6313a64da9ba34e4509b4d31326ac20a853,SOURCE_ANNOTATION_NOT_IN_PYLIDC,10
3f650f80c57636bcfaa07cbf4085ef4b1492fd9dada10ddd6031817286283cbd,SOURCE_ANNOTATION_NOT_IN_PYLIDC,11
3fe7c8d3095dd2454cc455c3f47fac0d9fa39ae7223bb30dbadcb4a48874b1a4,SOURCE_ANNOTATION_NOT_IN_PYLIDC,38
4002bcad7710fa86ea1872559ab51d682bbac555a694acd478504226b36257b8,SOURCE_ANNOTATION_NOT_IN_PYLIDC,3
4032200b80b58ec3c9de1b463e329ebcb756b8e750b4ba2183e1cc4188679655,SOURCE_ANNOTATION_NOT_IN_PYLIDC,13
404634f63b6356fdfb43c5ddc5960568c804abdadb81a39f284b15415fbe355c,SOURCE_ANNOTATION_NOT_IN_PYLIDC,3
40a00edcfd976ecac2a1bf34536b10649edfce987bc176869935eb59802888ce,SOURCE_ANNOTATION_NOT_IN_PYLIDC,23
40c6a3eed7147ef497377197fb540c0e50bddbadfbc69b572a7a3297ea46b667,SOURCE_ANNOTATION_NOT_IN_PYLIDC,14
4105a56aac0f75b8eb014e9fa9ac0aea8aa1654ac0d76eaaf514d35eafba99c9,SOURCE_ANNOTATION_NOT_IN_PYLIDC,1
413332686289e223c9788122f98cc18d6ccbff923e0ebfe3c32c274ddf355d11,SOURCE_ANNOTATION_NOT_IN_PYLIDC,13
41445abbc17473c8985f8962a1d036e0657bca74fda1df5bd01113e0677a66a4,SOURCE_ANNOTATION_NOT_IN_PYLIDC,9
415c12803fb90fb81a15e195fdcd6ca58af4219bb666d09458b91dd5ab1a0dc9,SOURCE_ANNOTATION_NOT_IN_PYLIDC,3
41b7a55d52235b88e668739326edb42efee5257defd820bc240357a94a279542,SOURCE_ANNOTATION_NOT_IN_PYLIDC,5
42844f519c8f2e646698b0ccee6ecc3fbfaeb1d2d0d2c3bc98f0dc1970bfcc98,SOURCE_ANNOTATION_NOT_IN_PYLIDC,29
42b9b667e4d961c0c5fc2fbbbd91a5236d0acff80add42e352002592ba143386,SOURCE_ANNOTATION_NOT_IN_PYLIDC,4
42ce89c783365b03a35a72eb3ba6bd9c724898c3c16c43a7f28a3d65568ad2f2,SOURCE_ANNOTATION_NOT_IN_PYLIDC,1
4352f2e31ec5de4daa1d072af56b26fa77f6c4bcdc984933507556df9a8cb7a5,SOURCE_ANNOTATION_NOT_IN_PYLIDC,1
436198160a825d598f3bb415919e6bc4bf1095a39a19ba98635915ff3713dfcd,SOURCE_ANNOTATION_NOT_IN_PYLIDC,3
437bc64bd38a8bb7584377c7803a0950cdd555571d2794e9598098d284a4177e,SOURCE_ANNOTATION_NOT_IN_PYLIDC,10
43cfb10f73f4aac604c5d7ddf5b0793b4c4dcd6a2093e9fd9588899f65cb9344,SOURCE_ANNOTATION_NOT_IN_PYLIDC,109
43e18949ebcb4a471d1ef9d6e286f60bdffbb2ae2db1440e8d2ce2536f75696e,SOURCE_ANNOTATION_NOT_IN_PYLIDC,9
441483af060d9dc82af64321a8cd18222d6c0a03132ceac597ca40380e536320,SOURCE_ANNOTATION_NOT_IN_PYLIDC,10
44331bf34963f9b76bff9e2721177b4c40641dd0a881274117673cf6e184992c,SOURCE_ANNOTATION_NOT_IN_PYLIDC,3
444eaec45d9ca3e75cf7d1d0795998f93c8f83a31e3cd33855249f11090a9931,SOURCE_ANNOTATION_NOT_IN_PYLIDC,23
44bad935851d04a9a4e5063f7f296f1c3e4d7c03f3a93f89ca8b05238835892e,SOURCE_ANNOTATION_NOT_IN_PYLIDC,7
459e72fcadda481cad3aba0dfcce00ff1e225124fa2015cc915fe1d9d7ef64b0,SOURCE_ANNOTATION_NOT_IN_PYLIDC,1
46264fd62f57223a67c3a4047aec0a3aff8bcb0fe8d06179a7531825620f2094,SOURCE_ANNOTATION_NOT_IN_PYLIDC,11
462662350d4fdaf7b4d8442660e7b497aec6e42c6e9bdf4595b9580a17c5f2d9,SOURCE_ANNOTATION_NOT_IN_PYLIDC,20
46375f07fdf246bec5d31b5dcb72f3d26dea561c28718b0588b4551c3a0d23b5,SOURCE_ANNOTATION_NOT_IN_PYLIDC,42
46791b80986e6ba7fdbc8661c9b8efc1a79c4786aa0b2c6ace9e1ab98f7465a5,SOURCE_ANNOTATION_NOT_IN_PYLIDC,44
46bed4863e6ac7481273e39ba53a9313457a6e746b8d8fd56c9e2ba4b00ca22f,SOURCE_ANNOTATION_NOT_IN_PYLIDC,35
46e73f2a5bcec2547763d8ecf5e2c2b525686f19b957330dba2bdb0db4e2ee53,SOURCE_ANNOTATION_NOT_IN_PYLIDC,9
46f8ba13978dd337be2e2aa900203ebc17e82fd2c6e154ddfff286df82d1c33c,SOURCE_ANNOTATION_NOT_IN_PYLIDC,8
4764c8eb65b13bd015f353abf3c15a3a55e280e41a1735224ef38689410fccc0,SOURCE_ANNOTATION_NOT_IN_PYLIDC,6
4793afb9244881db251e94d16d17648959f9873290b0e5906b4a02054c9e344c,SOURCE_ANNOTATION_NOT_IN_PYLIDC,33
47ccc59e2ffd3307b87f5cd4aad987f318fb6a5f3bfc5b788a82aaab1b3fb795,SOURCE_ANNOTATION_NOT_IN_PYLIDC,35
481bbed87271214a326fcdd65848b2e25cad56d6acb44f963948c78f8315e687,SOURCE_ANNOTATION_NOT_IN_PYLIDC,17
4859b776b1dd485f4a626f4af0fac7badd736dda2845668dfa7a9dd87f551eb1,SOURCE_ANNOTATION_NOT_IN_PYLIDC,9
486968247a3466440d7ec11c168b771158a39ca7e6f71bd897c9345c3d645923,SOURCE_ANNOTATION_NOT_IN_PYLIDC,4
48a42ce4d124af28a0ee70416ee012b5b5c0d84c3b0720b979e533da61dcfd92,SOURCE_ANNOTATION_NOT_IN_PYLIDC,47
49b5fba1d46a0d596febafcf907a1ec251066ce2b537c5f536894852a1e3321a,SOURCE_ANNOTATION_NOT_IN_PYLIDC,11
4a9f0880de292fa11491774e8b7dcfa901bfdadf1d2d4521be11fca376ad8a64,SOURCE_ANNOTATION_NOT_IN_PYLIDC,5
4ae17787406c01ca99aa4b2605c3d72dbc6e7bb552f10bc859c09be85a14fb22,SOURCE_ANNOTATION_NOT_IN_PYLIDC,106
4b0080eb77c2a3985a885dc56df6490b1bd960752a793bd243baf68bb3814fd9,SOURCE_ANNOTATION_NOT_IN_PYLIDC,16
4b75465776535d56bc2bab5c1507616c6ef8eaeec2b6c7fff97a0b219524ea8b,SOURCE_ANNOTATION_NOT_IN_PYLIDC,12
4b84ef89401e23e2f40ab3fd8ad71e2ca04ca620b7129c0eb96c7d2c303176a5,SOURCE_ANNOTATION_NOT_IN_PYLIDC,23
4c25f649549ad34c5eaba814d916f4a1885b0fb1815550b3177a8fb7922eb1f2,SOURCE_ANNOTATION_NOT_IN_PYLIDC,4
4d966ae66587d3a6c629495afdb6aad2b981f98a97897635ec2d30ff4d360d11,SOURCE_ANNOTATION_NOT_IN_PYLIDC,17
4dcc36b3b444124a797555a5411d4d86a66e583b2d4d93dcf8ae2ff8a22512bc,SOURCE_ANNOTATION_NOT_IN_PYLIDC,4
4e1c230ce32c69713ae764e2379540f7367f40f41e4c5dc57901e158bf41f891,SOURCE_ANNOTATION_NOT_IN_PYLIDC,37
4e2ba4e356aab18d21126daf837736a5fd7f2983fc5e81feeda3f63d1a1d019f,SOURCE_ANNOTATION_NOT_IN_PYLIDC,6
4ecff937e191caf0bacea3be685cded72f2dbcb6b1b4c5878ae5e1bfccd6f477,SOURCE_ANNOTATION_NOT_IN_PYLIDC,4
4efed57973f028fba8e802810e4b8cab709bee48ce0f536ccd023f7a541de70a,SOURCE_ANNOTATION_NOT_IN_PYLIDC,1
4f28f6bdf209626ba18aa9ddf41527e07500bb2f3ea70fcd394a715f092cb0d1,SOURCE_ANNOTATION_NOT_IN_PYLIDC,26
5010188c8a80a5837881acc24e508a0f12b45812eab67fb09c12718473cdf6f0,SOURCE_ANNOTATION_NOT_IN_PYLIDC,46
50246b758afdd9e7f237e1a5a0d6fd4e83aaafff28679b2e9cc623bff70bfaa7,SOURCE_ANNOTATION_NOT_IN_PYLIDC,32
50663fc5bd57d3fc175ecf2d48af5383acdc1c7cca92c980ef45f958854dcf50,SOURCE_ANNOTATION_NOT_IN_PYLIDC,14
507846814734347a96088e42b58e931c4f2cc5cd4eacbbf8fe3b65cc757c471b,SOURCE_ANNOTATION_NOT_IN_PYLIDC,6
5160f3601ffa997c2ad2ef45955395f5c860a2c2ffb01d9b60c987ce0d6ca7c3,SOURCE_ANNOTATION_NOT_IN_PYLIDC,19
5223afd07b592d10fb80109f02fb470ff5925639fa1ed10328a464d1963d1ff4,SOURCE_ANNOTATION_NOT_IN_PYLIDC,7
52448f6a4af569c0f28bb0073809cd545906cb486f8d1e331be878cd8708ef02,SOURCE_ANNOTATION_NOT_IN_PYLIDC,2
5262cdf008f92066e43d328f4df1d017f7a79a1fdd08c17310fe5d41ee699883,SOURCE_ANNOTATION_NOT_IN_PYLIDC,10
52bffe04886a7d7bd25bdd3de3fa70ebada1c12ec4613dc244b2cbd447a4943f,SOURCE_ANNOTATION_NOT_IN_PYLIDC,2
53557ad276b0d1bb1a6e88a8db1b0d8228c9f8c5c8b0eae96a1667f3b21e4feb,SOURCE_ANNOTATION_NOT_IN_PYLIDC,7
537f9b47c1baf1bef0df834b04a35d76919a099d1e165ff851d9e2303aab9d3a,SOURCE_ANNOTATION_NOT_IN_PYLIDC,9
542a4ad4a85a78bc7edcd3df7f1129cb594d25c5358ce7c4f816bdad60530c77,SOURCE_ANNOTATION_NOT_IN_PYLIDC,1
546b3cf40d2cfed68fd3a4dc79eeda3b6e9c44ce2c7b3ee56ee41b49c6690b1d,SOURCE_ANNOTATION_NOT_IN_PYLIDC,2
54d2a2f3e80a7d6b323706c3c75b9574739b8e08daaf283b8cde4b31590ac15e,SOURCE_ANNOTATION_NOT_IN_PYLIDC,3
5526e5cc3c648922f9ef821bb0c8b05f600bc0a3552349926b68132cf27f6256,SOURCE_ANNOTATION_NOT_IN_PYLIDC,4
55751fcd823dc6486f444d65d357fed509b3e2626cecd313b4ac1027e1a6928d,SOURCE_ANNOTATION_NOT_IN_PYLIDC,7
559a01c2cf6842075d60149e49127452b3544cbd85de410b604dc7b94bfe5cc2,SOURCE_ANNOTATION_NOT_IN_PYLIDC,5
55afa8d8b0031fdfc645fd7530d2540c48fdde37d930415897073a30ad476a52,SOURCE_ANNOTATION_NOT_IN_PYLIDC,3
56307c5d3140cab46a013d6045b1e22686bb04cdfbf173b6299b12431c231a59,SOURCE_ANNOTATION_NOT_IN_PYLIDC,7
564e1e5f42b2162c8dac28a0808904d906a59113fe9daff3689e276a1cca5553,SOURCE_ANNOTATION_NOT_IN_PYLIDC,9
566c00928504def34065a1e043ad5936a11486f5e1b6ff235c7214b31be2b424,SOURCE_ANNOTATION_NOT_IN_PYLIDC,6
569383a0e9864a9bb4e093e3ff91793428932da4b06f4541f6ea8ee53f869133,SOURCE_ANNOTATION_NOT_IN_PYLIDC,25
569a6a03d9f6dbc2b5f6c87644d548baafbd65afb9b064b6017c36b101ff1fac,SOURCE_ANNOTATION_NOT_IN_PYLIDC,7
571d591f64b0c1c283f39104a8c5760854d40775c98c9591de4be326afca9a7c,SOURCE_ANNOTATION_NOT_IN_PYLIDC,21
573bd640640be807ba0e03007b765bf1d114cf6c2dbc77ca737eb9e0df2e8c44,SOURCE_ANNOTATION_NOT_IN_PYLIDC,12
577e5d178c55654b06f565741ac76963f8b27e195743ae6f708732da5a0578e7,SOURCE_ANNOTATION_NOT_IN_PYLIDC,24
57b0228904df6eb9ae2922a1bbd8b5e24d0b7154f19e896f07970c449630bd9b,SOURCE_ANNOTATION_NOT_IN_PYLIDC,11
58330d19283071bc439224be9d3eab45fdae45c058e6df2cf65795137dcbb03e,SOURCE_ANNOTATION_NOT_IN_PYLIDC,3
584a58dc997625f6f5d3dc4a3b7c6b36fcb5be2b60fe302a9e444478397d113e,SOURCE_ANNOTATION_NOT_IN_PYLIDC,1
587877f60104f6f69729162184e36475ecd86cf8e8cdba74a27d2a7cfb9bf8ff,SOURCE_ANNOTATION_NOT_IN_PYLIDC,11
5886abed3a76d7a890a04673b9b7748b86a6a4f8eaf76469196a097454ede5c9,SOURCE_ANNOTATION_NOT_IN_PYLIDC,2
5895aaccf6cc0cbbdfde71e3c76f9283c918298804f85d8b8638e03482456940,SOURCE_ANNOTATION_NOT_IN_PYLIDC,11
5902207cbe08ca9fbda0fb1ba8417c08619f03ac316805715c3232a47a0cb3de,SOURCE_ANNOTATION_NOT_IN_PYLIDC,18
5905532b03e968ed02a3ad7738e87fbf68d9d9a88ec7383c8999c9ed25c68368,SOURCE_ANNOTATION_NOT_IN_PYLIDC,4
59414ce9e5a5583bdb98b7e8769493d0c018695a0274fb267dcf13b80a46e6da,SOURCE_ANNOTATION_NOT_IN_PYLIDC,12
595a13f06c5b1e3d4a1cecc88d9c8a144cbd499dddba1ce4f72884445d60d2c2,SOURCE_ANNOTATION_NOT_IN_PYLIDC,11
5963d284c7be8a4b403cdfc7d32c936fb03ed2e8612ed27325f8d9da791316d7,SOURCE_ANNOTATION_NOT_IN_PYLIDC,2
598d149663a1a5b7d45ac6f16e4ef937eab5c232e779bf5706aa69a94238aa57,SOURCE_ANNOTATION_NOT_IN_PYLIDC,5
5998ee2bc30960fa28c0bb1a055733c77374026e082a9c528d48affd21582494,SOURCE_ANNOTATION_NOT_IN_PYLIDC,12
59a44929121da69bf56359b19e916205c25a77c01361119c5bb435bc5dea047e,SOURCE_ANNOTATION_NOT_IN_PYLIDC,2
59c2b8751e28e80745306b1e012a327bb753fb0dfa71c25bcbd731a566326e46,SOURCE_ANNOTATION_NOT_IN_PYLIDC,4
59ca20f1c8fe786ff1553d2798110bbc45c022cdee0c34ed81ad619ce0871fe5,SOURCE_ANNOTATION_NOT_IN_PYLIDC,25
5ac3dc67622c6681b56de477a2989d9ab2a5feaecee754134b4be3fcc1a739ba,SOURCE_ANNOTATION_NOT_IN_PYLIDC,5
5b3b184316aebab70e30cd1aaa614cd770d2a4aa63eb35ca8e02bb97963c2f6e,SOURCE_ANNOTATION_NOT_IN_PYLIDC,27
5b493701bc78e5f638f6d008db0bc5443cb4c8509b411992d275976e53b46069,SOURCE_ANNOTATION_NOT_IN_PYLIDC,15
5b8ad4302d14082f93324a0cd0fc2465a61e6d6595a40d0ed44c3d5527d6c34a,SOURCE_ANNOTATION_NOT_IN_PYLIDC,26
5bbe58fb45bff54ed551dbc25c4eb2999352c0d66fd031bcf5223039e5301ee3,SOURCE_ANNOTATION_NOT_IN_PYLIDC,13
5c86bddcbd4d4a93b6fbc540a18f2f5d35d5ca015b5683ad8ce223c3d64b18e7,SOURCE_ANNOTATION_NOT_IN_PYLIDC,33
5dbd5a13a6499b015727b6291eab191c6028ce7619a2a48b6d35b9d710e217e0,SOURCE_ANNOTATION_NOT_IN_PYLIDC,36
5e1e505077fe4e3a4d6d390a9a50a1e724b6208b78adc1f16ef2c91b06dbb2e5,SOURCE_ANNOTATION_NOT_IN_PYLIDC,4
5f2920f14c6fb7aab67d0356dc516768c794720ac01148def6308e14e4f95791,SOURCE_ANNOTATION_NOT_IN_PYLIDC,31
5f3ecd2911dd65739e1569e05b5a170bffa0d29730c70d4081525b38ac3c4d91,SOURCE_ANNOTATION_NOT_IN_PYLIDC,15
5f49ee250590c5799835ef656d1de70819e1ae5af7423aaade6d07c56a073f78,SOURCE_ANNOTATION_NOT_IN_PYLIDC,4
5f7de2fa96773e5fe53d64a063aff9d90a02629bb5c628f904cadd5dba39dfb4,SOURCE_ANNOTATION_NOT_IN_PYLIDC,2
5f97a9b274b1b75c2191774736c3966f3c45350afc3bdc5661fb498e91c95d84,SOURCE_ANNOTATION_NOT_IN_PYLIDC,13
5fc9cbbeed6c8b6543e8561730b3576a5740bd52e72c2adab124fdc9f16ada4a,SOURCE_ANNOTATION_NOT_IN_PYLIDC,9
5ff70d928c3bfddf1fafd970d59d3d645ccd4bda05484e8953cd30f731ba658b,SOURCE_ANNOTATION_NOT_IN_PYLIDC,2
5ffac107aa353a4fc878835d0d1822fe6d82d5faf4057a4ceca222aaea5dc932,SOURCE_ANNOTATION_NOT_IN_PYLIDC,1
60107bf1bbd5b6372f7e444bed14b69aa0041f46d4337d98b981fc2c538feae5,SOURCE_ANNOTATION_NOT_IN_PYLIDC,43
602ee972ccca8c05557763cea7dc165be94176e6a3ad0abb7b244f110c3612fd,SOURCE_ANNOTATION_NOT_IN_PYLIDC,10
60aed7dbfef93615fe12fffe2c71b49d76ae7f733c44785b70fc3d19b71d9bd3,SOURCE_ANNOTATION_NOT_IN_PYLIDC,17
60b945fc10036204c380409400f84876511e2228280e720b9e527778a02e176f,SOURCE_ANNOTATION_NOT_IN_PYLIDC,9
610567b757736d9108927d2bc405fd985c79c960c1b3960678e9c680b6ded8c1,SOURCE_ANNOTATION_NOT_IN_PYLIDC,4
6131d1b2b34eb311c2f804ead248647b9ee01988d9f2d58481a2be23e571d635,SOURCE_ANNOTATION_NOT_IN_PYLIDC,3
61822a23446895ad467eaba3d6d90eb95b2e2f61254cb6522aaf640f405e2394,SOURCE_ANNOTATION_NOT_IN_PYLIDC,8
6196422c7f8401111ff81d7910b4df7ef82c050a7ea6d485252178d2dcd0774b,SOURCE_ANNOTATION_NOT_IN_PYLIDC,3
61fa5da5a6cd625186059d4083be2c06aab87d2654eecc6b8221c82abfa3a7f4,SOURCE_ANNOTATION_NOT_IN_PYLIDC,7
62ae53780fd2336c6f4e2cbd71963e6e74862809e84fde6f48bf76eec6ba26a2,SOURCE_ANNOTATION_NOT_IN_PYLIDC,2
64b9b6572b692f0f0c81ceb9ed1905f31ef6ddc70a07e4aa5717b0059c3df92c,SOURCE_ANNOTATION_NOT_IN_PYLIDC,12
652113f59c4b5792e98cf4905cecc04e474e3fc70df36693087c24e1f5013e92,SOURCE_ANNOTATION_NOT_IN_PYLIDC,18
66404e6a81b3cbecf48135a723c0cfd5f510d0258048ddcb2247678a9ae77865,SOURCE_ANNOTATION_NOT_IN_PYLIDC,1
665eb0bd01c68fc3db8518ae87cffb087367c685df8fff2233df29645d1002eb,SOURCE_ANNOTATION_NOT_IN_PYLIDC,5
66eaff68c1e48f1e2626487d73e9ba6b8f2484bb872ba178f379cbd9f88de955,SOURCE_ANNOTATION_NOT_IN_PYLIDC,8
66fb7fc8fe19214a2883c28625d5d40f1fb15d68b1fada1f7abc15f306954c51,SOURCE_ANNOTATION_NOT_IN_PYLIDC,49
674067550e147f6f5c89973b1eb570b658e7bdde91eebe9212e64b52d08c0296,SOURCE_ANNOTATION_NOT_IN_PYLIDC,4
677f4e88d10d156d1e9f8c94da93ed6bf63221d33c9f0d986779ac65bc0b23ec,SOURCE_ANNOTATION_NOT_IN_PYLIDC,4
67d49ad479d2e280afd594c52124bc843d34304f3b364507534b950bff5fdc88,SOURCE_ANNOTATION_NOT_IN_PYLIDC,13
67fbcb2b340377a973449532b0a6cac111942b9ee24f0d95ace2a79e52be37a6,SOURCE_ANNOTATION_NOT_IN_PYLIDC,6
68944ba7b198080f618dc6eb09ea7ff85b7a9fbabd7dec1c236b065d92296066,SOURCE_ANNOTATION_NOT_IN_PYLIDC,27
68d6cdcb1af13f4eeff35401c5c46ad80bd6dba544548bdaa0f3c3b8ce4b2bae,SOURCE_ANNOTATION_NOT_IN_PYLIDC,4
690cbd142a0c31074ce7063485f90b0f2643e1fdd0da12189ce6d9d1bc3dbb99,SOURCE_ANNOTATION_NOT_IN_PYLIDC,9
6949ad1f4b1f411865ab967a42cd62121ccb42bf43f777762efc1bc00a244da3,SOURCE_ANNOTATION_NOT_IN_PYLIDC,2
6a11dc10c01c9c6aefe8c1a12a006df5fa280cfc7a6eea2e79ef7557ffa84c82,SOURCE_ANNOTATION_NOT_IN_PYLIDC,2
6a4bb62feca8b48e92793e114da00996b0fe47dc275492535be1b6d6a5ebf9e4,SOURCE_ANNOTATION_NOT_IN_PYLIDC,26
6a85ad7bbacfbf6a5091ce04b940a80f0e02274c6878266ae609dd88125f5590,SOURCE_ANNOTATION_NOT_IN_PYLIDC,4
6b428a249ed7544d30fc4de1b396ab575f2d07758702c61a9bed3790cc607178,SOURCE_ANNOTATION_NOT_IN_PYLIDC,5
6b737dbcfab04774dcad8c68a5aa4e972fa9e30ff3ce3071029146e8c39a127b,SOURCE_ANNOTATION_NOT_IN_PYLIDC,3
6c232a29a6e510e1044fd44ee149178cd9cedccd2426401353227424e7de669a,SOURCE_ANNOTATION_NOT_IN_PYLIDC,5
6c24d726db83b24ef4103363f57a1cd8cc2068f4a1e2baaec8528dcd9b09122b,SOURCE_ANNOTATION_NOT_IN_PYLIDC,10
6c2fe357227a24c45d8bb0314c3ed5705817810ccbc52313d6e5e4fb53fb8da9,SOURCE_ANNOTATION_NOT_IN_PYLIDC,8
6c32b3f543a072b267221f92c1cebc2adfee24a1105342a58c8eb76121003199,SOURCE_ANNOTATION_NOT_IN_PYLIDC,9
6c52df6bcd76c0455b4e3875537be822d4d972155d63fa4e3c2749369309daa4,SOURCE_ANNOTATION_NOT_IN_PYLIDC,10
6cb91951e93fe688ef25139180a6054c62e0b670d517dea7e2f38f33ef84bfe8,SOURCE_ANNOTATION_NOT_IN_PYLIDC,11
6db95c3e082c3b368a20b9d16f24d11aa036e727d6618a2dd2eec12fd63d394d,SOURCE_ANNOTATION_NOT_IN_PYLIDC,3
6dcf3bdb0c8b621bf891da9b89df3f00a505ac514163ad8c3caf6681fce518b9,SOURCE_ANNOTATION_NOT_IN_PYLIDC,7
6ed0279ab2f1819cc66157f70974535935768b5b8a0c901c0391d13039a57fc6,SOURCE_ANNOTATION_NOT_IN_PYLIDC,15
6f7d99a247d1b3e9398e1cfe9ac1fb47b4623dc55953464af76ed0d42d23096f,SOURCE_ANNOTATION_NOT_IN_PYLIDC,13
6f91a5363c5bfc0042ecc8f0a865a248fe790fe0135b1d7b1882b2d54f7c38d1,SOURCE_ANNOTATION_NOT_IN_PYLIDC,21
6fa92e984464f03f0f7aff644b233cd1f6e069a17089a0d7ccfb591d25d95e4c,SOURCE_ANNOTATION_NOT_IN_PYLIDC,12
7024f6a61f8f10c2e9da4f22e7da9599d722be789fc0f39fb8a17f0afb236b7e,SOURCE_ANNOTATION_NOT_IN_PYLIDC,2
70514de16935167884a1532c153833a3aba11c1e15fc7b43e3eedaebb69665a3,SOURCE_ANNOTATION_NOT_IN_PYLIDC,10
70550af9443c6c3a350092be9a23e7db753a0c6105490bce0818e9e3537471bd,SOURCE_ANNOTATION_NOT_IN_PYLIDC,6
723283a0820defc589ee0d65efd025fd049dc76ac70acac5a7bcd8eec75106c8,SOURCE_ANNOTATION_NOT_IN_PYLIDC,21
726e984dd198c571029c60438847a3a137e006537945650130a7dd140ec30a2e,SOURCE_ANNOTATION_NOT_IN_PYLIDC,10
72d643fda9eef3b8dcdcab003a2ae5d4b17e2c20c5104dc740faa8efe8cd7404,SOURCE_ANNOTATION_NOT_IN_PYLIDC,2
739da84bba393c5104981d442870a7a2446a3fd06fab819ddec6b08da13d4a3e,SOURCE_ANNOTATION_NOT_IN_PYLIDC,6
73cb7984a95d65fdbde8d96efcac7cafb0dfa8c8263af9807d9d4aeff6f6e16f,SOURCE_ANNOTATION_NOT_IN_PYLIDC,1
74282781c49ffc1e22e60204b28c0ecb76674fef0b2bdd4bc4067a22bfba01d3,SOURCE_ANNOTATION_NOT_IN_PYLIDC,5
7449c629e9b2977bed9115172ae955b9acccb8708e5feb481c846f472097416d,SOURCE_ANNOTATION_NOT_IN_PYLIDC,6
74a7fdd1239767950bc06e6b6ee2976f879142b71f82c31a51e3fa28068e178a,SOURCE_ANNOTATION_NOT_IN_PYLIDC,71
7518fafe3cb43a9cf63b92d8426ca78b522fc9078e937958bb42bb77957b4e60,SOURCE_ANNOTATION_NOT_IN_PYLIDC,4
757d5f8d5f962d52ed41e42a73ec65e0b6edf6e51c8f00ded88d3612c52d967c,SOURCE_ANNOTATION_NOT_IN_PYLIDC,11
759649b5b45ff2ab510222daeff1a96120c89590fb1f572b6cdcac8502ee11ec,SOURCE_ANNOTATION_NOT_IN_PYLIDC,12
75c9e7f37a96293f14719bf0a24a2ae299c9c298dfc5220617a397dd267eb04b,SOURCE_ANNOTATION_NOT_IN_PYLIDC,25
75e19e31f9f8ae10a1ca601732e731c15974e7685da0ad5c89d6208801f89c80,SOURCE_ANNOTATION_NOT_IN_PYLIDC,18
75e48e6cda0fc3b9feb39ed1d42e590804fa3bf147e6a1b4f04cf8e3da493e42,SOURCE_ANNOTATION_NOT_IN_PYLIDC,15
7671b23e737ed99eb3d765f86973a42aa6c29e8530e15baa5d15e136f0475371,SOURCE_ANNOTATION_NOT_IN_PYLIDC,5
7687dec847a2dc99c0701bf7fca20a686bdfb330c13eb0bdf92b2e61cac1f02b,SOURCE_ANNOTATION_NOT_IN_PYLIDC,10
7696f537869ec0d2f33e49166d14c666bb3f1982a90bd36bbe6d0e52cbbf17b0,SOURCE_ANNOTATION_NOT_IN_PYLIDC,3
76cd43b905b834aa63c894dcd6f22bc5edb03b337784dcfee6625471f9f7ef21,SOURCE_ANNOTATION_NOT_IN_PYLIDC,2
77749948173250f3266055700a3e537f251e326a2db1010405f39dee5173f13c,SOURCE_ANNOTATION_NOT_IN_PYLIDC,10
77e65ad098fe78064f28643479a31b5b11a06d73505cd3e1d908a04843949d2d,SOURCE_ANNOTATION_NOT_IN_PYLIDC,2
782fa8133097ab141da82c2a9c154443a4040cfdd3330fbb90ef35c080e91092,SOURCE_ANNOTATION_NOT_IN_PYLIDC,1
786b4e6ce5336062fb59ae101d3a30e5681647ceb62eeee10a4c9d78e93db344,SOURCE_ANNOTATION_NOT_IN_PYLIDC,19
78e310a9392a8ba6f4618fe0e362112468f420f22aeec90c2270681e46b0d367,SOURCE_ANNOTATION_NOT_IN_PYLIDC,36
79956ae03c08729e3806a551bf98afe04d03249a003a1646afaea1529f3402cd,SOURCE_ANNOTATION_NOT_IN_PYLIDC,7
79b1a16aa2fe3d7eb08fc6b61d5a7d29fb63474b06c09875867d09f7a66b3648,SOURCE_ANNOTATION_NOT_IN_PYLIDC,47
79d59b12c092408cf5cfc90fc57213feb7fb2ef372cf7b752270df255621a7aa,SOURCE_ANNOTATION_NOT_IN_PYLIDC,2
79e9baec47c0618efcad246305ee52a214e68a7af269ae081a6c8163e0ca73db,SOURCE_ANNOTATION_NOT_IN_PYLIDC,47
7a01c1b4317ee40c6a2bc5a0d695278786e2c8a49f51d15fed8f1abff759a661,SOURCE_ANNOTATION_NOT_IN_PYLIDC,9
7a4587ba97f67244d29980cf742e04aa94266e0460c87933ef66f89919a7914e,SOURCE_ANNOTATION_NOT_IN_PYLIDC,7
7a4befa449241320cacae89f1208c03e218174a91d9ed43eda7eb1761ee1c342,SOURCE_ANNOTATION_NOT_IN_PYLIDC,9
7a7f0a26e93c987da582f3c88236d451acfea5ef4c3fe71b76d581d15219b01b,SOURCE_ANNOTATION_NOT_IN_PYLIDC,17
7b2777c57881b52e20343c226dfbe735fe63ea134282026b2303a510c3952a25,SOURCE_ANNOTATION_NOT_IN_PYLIDC,14
7ba86ba81c42e8b3193e2f26fc6d2ade5ce8e8cef30cdab0bce686a0cf604531,SOURCE_ANNOTATION_NOT_IN_PYLIDC,6
7bde465dc9e7f0fe53b489ed209ec0fae5f0829799b06a073905f949142cf5e7,SOURCE_ANNOTATION_NOT_IN_PYLIDC,7
7c23ed742e096d25b204c227c78c3ef7f76bae4f43f3cf0fb735210b66f8ed0f,SOURCE_ANNOTATION_NOT_IN_PYLIDC,5
7d5f7d64a5b815251e817ae3640b1e59a021bf507b4559d94952b946bb641dd8,SOURCE_ANNOTATION_NOT_IN_PYLIDC,8
7d9dd78c02ae3ba7f9bc02812ff80784d4a82b8ba0a08daa65a22023261407cf,SOURCE_ANNOTATION_NOT_IN_PYLIDC,5
7dba63584070ded294e7066b44f0ff96c8ec80f4eae57b62363d9a1ded0b0235,SOURCE_ANNOTATION_NOT_IN_PYLIDC,3
7e6298e49ef0c839ad6704a1c49377c8261a5211623333702569842bbc76b243,SOURCE_ANNOTATION_NOT_IN_PYLIDC,7
7eb5d41c4d0906f7787d726cb56b198121120c34338082d661856ae84ee1f182,SOURCE_ANNOTATION_NOT_IN_PYLIDC,11
7ed157703d78d070a555137a108a4a3e7d9ff062120f02a251d44dd5f27c5933,SOURCE_ANNOTATION_NOT_IN_PYLIDC,12
7ef3dd29e959ffd0ce760777e9df266dd978aa1d95f5f43603fcb22b3e0d005f,SOURCE_ANNOTATION_NOT_IN_PYLIDC,40
7f0f286702bfe228c59098015350d2d43755cb095f8af881a768afbf516dc01f,SOURCE_ANNOTATION_NOT_IN_PYLIDC,9
7f3b033465e35e20d0650dbebee37dc3174d135a91b831596fe544da1134a2c0,SOURCE_ANNOTATION_NOT_IN_PYLIDC,53
7f595620d67cbbbfe09576773ff15a1a94d528309207765dd647aae3f24bdda2,SOURCE_ANNOTATION_NOT_IN_PYLIDC,2
802e003bf96c1f433fb79bda2f9e96cb2b1ecec40127ca120fb5c67fcc2db3c8,SOURCE_ANNOTATION_NOT_IN_PYLIDC,14
8084bdf19bf635282430cb534b3ae02ddb84b66eae2bdc9e34ac313a216a5677,SOURCE_ANNOTATION_NOT_IN_PYLIDC,26
8098235dd3ad195490b637c658be80274c81faa638da28278026f199c36e5d39,SOURCE_ANNOTATION_NOT_IN_PYLIDC,15
80a760dd81a055c0548efbe8447e44fbf1d10e735f2c19730e8252b8facb02fb,SOURCE_ANNOTATION_NOT_IN_PYLIDC,18
8129ac89a020ce517ac150f2ecefdd3947ecd684b7c64934d614d142f6e5b2a0,SOURCE_ANNOTATION_NOT_IN_PYLIDC,8
81aa94bd2c880d74c93dc34414564a48e6b5926e0ef9030fd9f40a914b121f11,SOURCE_ANNOTATION_NOT_IN_PYLIDC,6
82294bc9d8a009dae4a5ba61450a3182bd899af01be1fcb73106a9e85558a936,SOURCE_ANNOTATION_NOT_IN_PYLIDC,13
8234e6af3ef3cb698089d6bdb76abf7c49098b2065fed055facad56c448839ed,SOURCE_ANNOTATION_NOT_IN_PYLIDC,9
825bacc39ddfaa276cd06c1653b248dad33ebf4214695915c6a3bb71b34391d5,SOURCE_ANNOTATION_NOT_IN_PYLIDC,10
82a5be159e650c6bbcec465179771c3cc29e36c9d87411adf7a1cc36ffae0ecd,SOURCE_ANNOTATION_NOT_IN_PYLIDC,20
82b8c7448dd9dd70cbc0a6716f248a985e6e119f44e5db350aebc15e27dd6dd5,SOURCE_ANNOTATION_NOT_IN_PYLIDC,5
8333b0e792ccfd56a84ca345c07673ffce33957b9b72942665ed10242c7b9bc0,SOURCE_ANNOTATION_NOT_IN_PYLIDC,9
83626918b4e874e8c31bd798bcc0c4078dea975bd663a98d317dda8d761465c1,SOURCE_ANNOTATION_NOT_IN_PYLIDC,7
83a3ea1ec4a3329c6ca4ddfe92b96799af4035f45f77dad9f207a8821ec3e280,SOURCE_ANNOTATION_NOT_IN_PYLIDC,8
83b9f86ba32baa2abc67b895a2871e02d0453a35a4eb21d41a73600026cf5b1d,SOURCE_ANNOTATION_NOT_IN_PYLIDC,17
8408d85a124c8bb84c0f6c4318781564599bf574d8b790135f7e17abbd217bb6,SOURCE_ANNOTATION_NOT_IN_PYLIDC,6
841d328a7ff9888f070a08ca84699c24241299d30c33d1bffea2ab42eb5d05ca,SOURCE_ANNOTATION_NOT_IN_PYLIDC,17
8454bf888898d7cc58737de8413c3dc29419420c2261457947197aa6bdf9e23f,SOURCE_ANNOTATION_NOT_IN_PYLIDC,16
850230b9d3b5f9a3ed75837bc7e22465c11b436a86b2e8ddcd0873300017ca70,SOURCE_ANNOTATION_NOT_IN_PYLIDC,5
858e61585e1a5cdff1ceb4fe779c592480aa5bd9840ac0feed7dd267295521cf,SOURCE_ANNOTATION_NOT_IN_PYLIDC,27
862fbf17b3464afb34fc80287b29eb75d79c4106bc4c9053452a5aa1e4f8c751,SOURCE_ANNOTATION_NOT_IN_PYLIDC,1
86e4cc306f29dcdde4ff6c034c4f8385e72a5f6396f2938c414fd26873bdeeee,SOURCE_ANNOTATION_NOT_IN_PYLIDC,7
871fb18d6277c6385439c81a245025bab3ed4ba921e548068e990d203367466e,SOURCE_ANNOTATION_NOT_IN_PYLIDC,22
8729f65242cacf65bcacac6225bd4b1233b2ae28f9e940b285a9b54a16200417,SOURCE_ANNOTATION_NOT_IN_PYLIDC,25
87640c3b9631ac28c2b11f9d87acb2ae55923ce5532f2c7e0f60f6582d4b6718,SOURCE_ANNOTATION_NOT_IN_PYLIDC,14
87670d3b778a6c8fc8b71ba97f9d2d4fea2793f23481bab96876d7eb21fb6a01,SOURCE_ANNOTATION_NOT_IN_PYLIDC,7
87da1629f9053df5c1b6b4ab494f605c03b3b8ae0427f8f518df6554777af69c,SOURCE_ANNOTATION_NOT_IN_PYLIDC,14
8850f7996a599d6140b572da9d83afefd9f61b15a26178ca4f0f55cf6d936503,SOURCE_ANNOTATION_NOT_IN_PYLIDC,8
885c5d2ea644e5189701608cb0a00cb96087013ba8ac1126f10edce0cb80431a,SOURCE_ANNOTATION_NOT_IN_PYLIDC,22
89dcdddf16579e37bb0b1633be3c185058c34ea60cdf9e47fe8dd2811aa3d00a,SOURCE_ANNOTATION_NOT_IN_PYLIDC,26
8a5bb5c0ea97381a6e70fb53be984bc043f46a5d9ca842781db6464f07a52de7,SOURCE_ANNOTATION_NOT_IN_PYLIDC,14
8a8ae6e24feb7dd5d2f2a9f8094c2448a5177deb89c9240a03999bb3fc08217b,SOURCE_ANNOTATION_NOT_IN_PYLIDC,4
8b141d34406fd4608012476386b699c0a9eae26f969d0568f6dc6417d45153da,SOURCE_ANNOTATION_NOT_IN_PYLIDC,4
8b31f354570023d152c75938acd5b3bf357f4173207fee5f7c22839747f684eb,SOURCE_ANNOTATION_NOT_IN_PYLIDC,2
8b7cf4b4a38b75ddbfc78e328e8df17d26d2fb85cca99a7fdf1b19482196756c,SOURCE_ANNOTATION_NOT_IN_PYLIDC,2
8bb53315147cca1f1dc39bcd543978748b10313477b0bda1efbcb1d38e6e99f1,SOURCE_ANNOTATION_NOT_IN_PYLIDC,4
8bda30eba5c3324ebb154cc527c7fa29ef5b3b64e102f412367e1a0154366ec4,SOURCE_ANNOTATION_NOT_IN_PYLIDC,3
8bed8f25a0cee32c701bb5898c1f99b912e51091cc76b42913029ad5eb2882a7,SOURCE_ANNOTATION_NOT_IN_PYLIDC,18
8bf9ec23724a9b533918e351fda4c0687b92420a8e7ea3614c77781207e1182b,SOURCE_ANNOTATION_NOT_IN_PYLIDC,3
8bfde5e303263fffb66bf7e23c982f54bd7e2935c3535bc43886374fcf1e4140,SOURCE_ANNOTATION_NOT_IN_PYLIDC,3
8c1770f31a7e25d4cc1e5ea7f91344311b0ec6294383b0149a0e524cea90959b,SOURCE_ANNOTATION_NOT_IN_PYLIDC,25
8c297d5fb9cf7af72c6e203d17c63f7aee52fe3b54c1f38baced3e1fcfd7c534,SOURCE_ANNOTATION_NOT_IN_PYLIDC,8
8c38919329e6c9a1057bfc274246cc5cab57943d6b5dd5f05b705043cacd516c,SOURCE_ANNOTATION_NOT_IN_PYLIDC,5
8c528a1b503372e7481cea5bc85e1ffafa852de50fbdd6493c1b78083440b2e9,SOURCE_ANNOTATION_NOT_IN_PYLIDC,2
8c63e7b1a0eef1a00a4b5b1cddff356cb7f6b336de39b60cc4ba02b406689461,SOURCE_ANNOTATION_NOT_IN_PYLIDC,23
8c8caac042e7f4bc45e8875c5fa1e093c0cf91fcd9a40bad225505a21895b07c,SOURCE_ANNOTATION_NOT_IN_PYLIDC,25
8d01d0830f9297839967179d9d373a06099ea0e956d96ad11e1d6a51db381118,SOURCE_ANNOTATION_NOT_IN_PYLIDC,3
8db5dceaf02ef1c2fd6f20d469e894b496e15fd7d62859c9882962a472f15e5a,SOURCE_ANNOTATION_NOT_IN_PYLIDC,4
8e142a7778bae3394e2280f99dff7003fc9245c804c8f24ca1c796a72c55173d,SOURCE_ANNOTATION_NOT_IN_PYLIDC,6
8f3289a845615d1ee33c8a9ebc310426f56545aea2a2abb944bdcc5622631a5e,SOURCE_ANNOTATION_NOT_IN_PYLIDC,8
8f4e97b4ae8d438794d1fbdda2cfb47ba3bcabcd8961b32713f08c7285cdc8a6,SOURCE_ANNOTATION_NOT_IN_PYLIDC,24
8f52f55959687bb0ec19e01fd2174117f25ad4bc444847c38582921206bcd262,SOURCE_ANNOTATION_NOT_IN_PYLIDC,5
8f70f9742197145729fee39ffb58263785eb434872830545edee242c1e789584,SOURCE_ANNOTATION_NOT_IN_PYLIDC,3
8faab8aa81a6da37cebe99918883630c48d9b3ed9b017876bd2017b1276444b2,SOURCE_ANNOTATION_NOT_IN_PYLIDC,18
8fb33e8a2ad7b504b377275cca966822b4cac426c805625ad2292602019f00aa,SOURCE_ANNOTATION_NOT_IN_PYLIDC,9
8fd54c05825f2f30c02b4f993afe5385a6bc05a4669d2b33959948053381774d,SOURCE_ANNOTATION_NOT_IN_PYLIDC,42
8fe9101b11164aa13e838e149fe38ee1b1cebea3993ea2935565f1efe93a2a0f,SOURCE_ANNOTATION_NOT_IN_PYLIDC,3
9002309391123fe9f55c3a8d5d7c9e1b78a31054613ed8718bcbb3a9a4606574,SOURCE_ANNOTATION_NOT_IN_PYLIDC,4
909c5ce55f2ac13508aaaf6af07831b40609d43fd90adb170212f38334cc3a8e,SOURCE_ANNOTATION_NOT_IN_PYLIDC,7
9101e34a19bba964c2acafc79ef5e21c17ed66eeeaa5eb6f0b83f15fc613b461,SOURCE_ANNOTATION_NOT_IN_PYLIDC,2
91ea04308e50731b8aa0a61315cb7c151f7cb04fb057d8d78994d4887e6390e7,SOURCE_ANNOTATION_NOT_IN_PYLIDC,8
91fb8925d3eda4823e2c8e0895a0142e0cd14ced93c6db32b77c684e3d6cd69b,SOURCE_ANNOTATION_NOT_IN_PYLIDC,23
924973f4243e1883d725b6697dac124042c635eeb87bea05133edd6103899b8a,SOURCE_ANNOTATION_NOT_IN_PYLIDC,25
92924457f967aba7eab90783844c90a3e0ef114257ac1dea7dc62b639ed2e95e,SOURCE_ANNOTATION_NOT_IN_PYLIDC,8
92e2cc27429064b222b3fff61c006234c6e06a58eabe090bff3e388ed2a8c350,SOURCE_ANNOTATION_NOT_IN_PYLIDC,23
9313fa7d0c52705107f372adfb8fdfd0cd4f58e25880d9b6b78e007cd7392487,SOURCE_ANNOTATION_NOT_IN_PYLIDC,21
934789449e8121e650fbd475016d475db4f57caf1298a01f9a3584c725bf3d80,SOURCE_ANNOTATION_NOT_IN_PYLIDC,13
934f812cd882ad4c23855803f097f697aaa922738ffd57e2c7608b097dfc5faa,SOURCE_ANNOTATION_NOT_IN_PYLIDC,7
9391f1f9acf77b485181556fc7973785445e56d6634e4de38f076a26048b4517,SOURCE_ANNOTATION_NOT_IN_PYLIDC,6
939513671b7d81b750eb00702bfd5628e0c68367be00a0c957d685948e425540,SOURCE_ANNOTATION_NOT_IN_PYLIDC,2
93997e08a0b893a23c8555ed251abc32e25f2cf48ccaf38495b3f0b31a59156f,SOURCE_ANNOTATION_NOT_IN_PYLIDC,26
94d4d06bea1bb87f8da19d2e171350b19b8af1933236f1d9196ff6c5167a678b,SOURCE_ANNOTATION_NOT_IN_PYLIDC,21
94df37a531fdf418c8a65381965ae553e9565d2e59f02157e3c2065223612476,SOURCE_ANNOTATION_NOT_IN_PYLIDC,3
94f4c5aba1c6b657c51013de5c83a2f94e736b115e77433e1dc3f698f4285b0c,SOURCE_ANNOTATION_NOT_IN_PYLIDC,9
94f8e7769b105e2b5aab8d734e31be2905b3fabbf3af2f51c18eb198f079654a,SOURCE_ANNOTATION_NOT_IN_PYLIDC,7
954694e247414464b850bc181cd6bb58f130eca23d6ad29ea5d4a9d4dcbb6eee,SOURCE_ANNOTATION_NOT_IN_PYLIDC,12
95d9b59ee58f43c5507fc1d5f7fe2e70581447bef625b0e8fd83232f02639292,SOURCE_ANNOTATION_NOT_IN_PYLIDC,5
96d2fef58eccb7f5e7fcc989ae82b24acbd1536499afee7d69610d79e37a07a2,SOURCE_ANNOTATION_NOT_IN_PYLIDC,4
96e4f493edbac58b3052ad9b8d4134046ff868daaa0bb9f5f85181ec1c39cfaf,SOURCE_ANNOTATION_NOT_IN_PYLIDC,8
96ffacb51ef6f57ceeae0227079e1817c5dc01961edf2cc1ccaa8421214b7d77,SOURCE_ANNOTATION_NOT_IN_PYLIDC,11
974890e6b54f88f4237313cdba70f4ce3382a49aa0fae529460129a2a6f8c78e,SOURCE_ANNOTATION_NOT_IN_PYLIDC,30
9795a8dd2704bf5800d4762d46bfa24faf477a9f3965c8ceec183805a2ff13fd,SOURCE_ANNOTATION_NOT_IN_PYLIDC,10
97bec6a6745ce773caba1ac13e11d96579d8bfadb27cfb10ee6da119f0c0fa72,SOURCE_ANNOTATION_NOT_IN_PYLIDC,100
97e408d6ea947d654e7c54d7d78caf1e7299fd923c4c30e77482c98557351cf8,SOURCE_ANNOTATION_NOT_IN_PYLIDC,21
97e6b73210621d6637e5a4a90f0ef0b6175098c93baacc79f303724931aea401,SOURCE_ANNOTATION_NOT_IN_PYLIDC,26
97f0842a4d97e638a351f96f047ff66332eac30c741072de21a8373e0541b5a7,SOURCE_ANNOTATION_NOT_IN_PYLIDC,9
983cc91dfd2eae84aaf388ee26479b63320bae1c63f7e19799ecaa303c8ce21e,SOURCE_ANNOTATION_NOT_IN_PYLIDC,17
984ba885d40735b276139818f1a816d06cbfc8a5351be60fccbe4c7ec52bee90,SOURCE_ANNOTATION_NOT_IN_PYLIDC,4
988d524a872ee8905f7fd03c35d06cdf12c0d5161ff96efa734bc18052bf8124,SOURCE_ANNOTATION_NOT_IN_PYLIDC,4
98a50d10de219f9dc413ebb1d27d21e9604735e60b79d17c11ca9cdeec30b1cc,SOURCE_ANNOTATION_NOT_IN_PYLIDC,14
98aaa9bc62ce704d7c498997a8b04789104b67487a87f1aea6896927e5ac96cf,SOURCE_ANNOTATION_NOT_IN_PYLIDC,32
98eca16df1cc03ebdd29349c6b481ff73d4c4b1354aab408692351087daef64c,SOURCE_ANNOTATION_NOT_IN_PYLIDC,10
9977a1f810bd25c774896a7f0cfc1fd10ea85cc5701c8dc2514d23adeaedcf28,SOURCE_ANNOTATION_NOT_IN_PYLIDC,50
99a156e4072209d63409c81c138430c7d142d1cdb266c83af9ad317891e56399,SOURCE_ANNOTATION_NOT_IN_PYLIDC,5
99c7a3527e77281ae5997abe77609715c93dc8d7fbed4450ed7916297cb54d81,SOURCE_ANNOTATION_NOT_IN_PYLIDC,3
99d2e409d37904f200fb47618ea8f58b6d1e809805f8da967f6964e5f2a3de49,SOURCE_ANNOTATION_NOT_IN_PYLIDC,16
9a1aa4bf2b41b1fc28286243c278f018e3ae6459eede444ecd51609d49fa6a09,SOURCE_ANNOTATION_NOT_IN_PYLIDC,23
9a59f2e2c541b227c18f6824b27c9306e868b23990d930cac27602b1cf4e817e,SOURCE_ANNOTATION_NOT_IN_PYLIDC,6
9afe2b62dc509385e92eae8dfd0b2f3152a470c71c30702c8a53136d5e238be3,SOURCE_ANNOTATION_NOT_IN_PYLIDC,8
9b23ee644dc5a21a04435b66a67fc6a1aeadc5806095ebe85a8fa9d302096405,SOURCE_ANNOTATION_NOT_IN_PYLIDC,10
9b6d4f49826207419f4eb0645c017d69f2b5ae9edd116391adc62ed6bf344a23,SOURCE_ANNOTATION_NOT_IN_PYLIDC,12
9bb249685ddb0849d0a1e23424eac366849ca2a4479a6948a42b4c1b605c00db,SOURCE_ANNOTATION_NOT_IN_PYLIDC,14
9be32102b54f7d498f1fc4d6025a6a37566804d3dd10687af5475238da9c4f9a,SOURCE_ANNOTATION_NOT_IN_PYLIDC,17
9bf82a3b0eb3f7d880b77f96aea4878e6abef86fc880c0e4d191ef4d308f0b36,SOURCE_ANNOTATION_NOT_IN_PYLIDC,21
9c2c640ca211b636331c01ed600bfdfcf2a0c12a363fa7786ca65714e623fcdb,SOURCE_ANNOTATION_NOT_IN_PYLIDC,18
9c35548059692365bfc110e3b077bc7f868adc9e2f5f435fd090401934890f07,SOURCE_ANNOTATION_NOT_IN_PYLIDC,4
9c746fdb10e704ef1126ac72c0ae0e6e189341860d9fc26e5781f59dc29e0b7b,SOURCE_ANNOTATION_NOT_IN_PYLIDC,5
9c95acfff5c45091ec98d28cdf0f9be09aa481230d91d137b3464eed7e023b18,SOURCE_ANNOTATION_NOT_IN_PYLIDC,1
9cce08760c4f9602d2ca2cb3285f9bdf558fcae51447cc6b8ce90546e9a21a55,SOURCE_ANNOTATION_NOT_IN_PYLIDC,18
9ddc078bf9085c4772c435ada1eade4990da64d28af4c1ddc7f6a2cc33b1c88a,SOURCE_ANNOTATION_NOT_IN_PYLIDC,2
9e2f1256a0552c855c4073eda78b76f8a4154fd08a7b0535c8d0448fbe0fc1a1,SOURCE_ANNOTATION_NOT_IN_PYLIDC,2
9e4c262e2b1b1a134b9b4c220be28d7cea1cd9fa8938ff2872b9493de7fa3491,SOURCE_ANNOTATION_NOT_IN_PYLIDC,1
9e5af459e12434cdb3622f98ea8d2c4158b77fcbd4544aaafde107f81f7d7269,SOURCE_ANNOTATION_NOT_IN_PYLIDC,9
9e85989795a5860e830cdda4c3483b5b57e3d3abec967a3d275c090ea8f99f30,SOURCE_ANNOTATION_NOT_IN_PYLIDC,2
9e88fa577748848f08b412178fa12924bb5fca027f9726b02e8404c736e4567e,SOURCE_ANNOTATION_NOT_IN_PYLIDC,33
9eaf0535e1310b1177a7eb15dfb04bbe4fccd093f7bf4c344bb5f892ea3cf22b,SOURCE_ANNOTATION_NOT_IN_PYLIDC,11
9ec1da2c1ae03b31eb8e6656a642ab01bf52c2a65b0092a2d498a4714a8950e7,SOURCE_ANNOTATION_NOT_IN_PYLIDC,24
a06abade8ba5fae4ab459bab49fc982123cd2a7983c8c7d5aa0bd5f56a1e86f9,SOURCE_ANNOTATION_NOT_IN_PYLIDC,18
a0f82035281f609c65b5cc50fdbd689a172408e376272f5e2077b187c38f936c,SOURCE_ANNOTATION_NOT_IN_PYLIDC,12
a10d758cf7d6a4508b0ba17cd08dd90f3fa667f34a3b8fe1ea5011aeb6dee767,SOURCE_ANNOTATION_NOT_IN_PYLIDC,24
a1240cc4450c6777f12084f0281b58b81b813db272736008ee96d7a1d8696e77,SOURCE_ANNOTATION_NOT_IN_PYLIDC,5
a146be52bfac179b1bf186b10675fc323e231d9bd2882a515690535b959efe6d,SOURCE_ANNOTATION_NOT_IN_PYLIDC,10
a2645e189f7aa314d197f803bd0d352818b3836fe3399571e243a74a97c51f5c,SOURCE_ANNOTATION_NOT_IN_PYLIDC,1
a2c786666f336f3e7c26c483761dcda5767efe90d9bdcdc849dc84dad4b2cdeb,SOURCE_ANNOTATION_NOT_IN_PYLIDC,4
a3396dd400083a102a18ee6bcbac947b702a26a884de11888af518e86e8bb1ab,SOURCE_ANNOTATION_NOT_IN_PYLIDC,8
a33cb546af380a904c20bfe62d8fe9d3019d16547259d94cbf11dc4d11dc36c0,SOURCE_ANNOTATION_NOT_IN_PYLIDC,44
a3b5322f998ad37000bfff8a8cdff8fbaf774f8c246eec97314c1abed2e1c0e1,SOURCE_ANNOTATION_NOT_IN_PYLIDC,10
a458e3dd24888ba214c476ea8b8dea4771a0b23e45c74d402db38143af2a73d1,SOURCE_ANNOTATION_NOT_IN_PYLIDC,12
a46e0ba27444053193470d1e924af70bfd445cea18ad36ef98aff2e2323eba93,SOURCE_ANNOTATION_NOT_IN_PYLIDC,9
a4aac2a4e53e8804b044ab19a809cf01f4988e8c9a91097599f76724f912cc76,SOURCE_ANNOTATION_NOT_IN_PYLIDC,14
a4bca3e03b3870768c56e15c1e7d80c57f7dfe993798eba9fb9410eb38ec054f,SOURCE_ANNOTATION_NOT_IN_PYLIDC,2
a52c87c39c822e7299b2a370d5bcebe559d47fe2015fa8b018849fd538c8db43,SOURCE_ANNOTATION_NOT_IN_PYLIDC,13
a55119969abe8364f7c4f4c0fab48e04a622534611eb5740e2c9d43d327f7a75,SOURCE_ANNOTATION_NOT_IN_PYLIDC,9
a57a1f61e85a38dec0c31d1e16b26240692e9dfe9f57a2f748f1cf50f5ab94c7,SOURCE_ANNOTATION_NOT_IN_PYLIDC,11
a5834a1776668b084dac2675167e22db896d31aacf76fbdc8faee30c08087517,SOURCE_ANNOTATION_NOT_IN_PYLIDC,14
a593adf4d47369127c247cb4f8965fb1649dfcbcd13ed203ff64bdebb1832b2f,SOURCE_ANNOTATION_NOT_IN_PYLIDC,9
a5b638fe81f3b7e304d6bf62251f569c7fa2a9a3f0f5f7760e8a0733e6327f54,SOURCE_ANNOTATION_NOT_IN_PYLIDC,3
a61536a90b4127e167fd2c8ad090732692002973e7c3a70f9811414f85540e13,SOURCE_ANNOTATION_NOT_IN_PYLIDC,8
a61c027abad787e9c129c221a3568184874a3229c022b5b1523d115064787f28,SOURCE_ANNOTATION_NOT_IN_PYLIDC,10
a61d9d0ac1b180eeb05bc33440376a8fc33c192dc95d37c418234ee61766fd91,SOURCE_ANNOTATION_NOT_IN_PYLIDC,49
a62c5bfea66d25b5c8afde20ad2b04ab1bde0c757ef5022464d9f0f50b003832,SOURCE_ANNOTATION_NOT_IN_PYLIDC,9
a6495683af9aafd21165b2997761c28807db91256877d7434d8cb1977b3c6257,SOURCE_ANNOTATION_NOT_IN_PYLIDC,1
a6778d3eeb9859ddc65852abf8bc8a246e3af4715e15e995680cf29c72e6bed7,SOURCE_ANNOTATION_NOT_IN_PYLIDC,2
a74dc01d72122db4d46f07821c2abf968850b0ade737edb228b0f104fc15809d,SOURCE_ANNOTATION_NOT_IN_PYLIDC,4
a7c51fe8d13e74b9f56ef32d42a521c2fc395d20cd6c80dca4778103f1df8ec6,SOURCE_ANNOTATION_NOT_IN_PYLIDC,7
a7d980d3b74f74064be6c6eda0a55c122a9628cba9cd9f5a3eb5ab7f4cf466e9,SOURCE_ANNOTATION_NOT_IN_PYLIDC,11
a7dd33cb34776a311c6ab20a6e572a54320280407c6acdd5d93179ac498c5889,SOURCE_ANNOTATION_NOT_IN_PYLIDC,8
a82cfa5bd3f0983409c8bcb60dc45a9c756bd317766eeb208d061023c22dd87d,SOURCE_ANNOTATION_NOT_IN_PYLIDC,4
a88cf025f18ede66dfc8a3319ae4624b92b6f5ca26df26ae227cd38fc3777c99,SOURCE_ANNOTATION_NOT_IN_PYLIDC,8
a8d14bd145f410dace82be2ad5a12a5b819a7c9df3858bc6c3a38c180e42f67b,SOURCE_ANNOTATION_NOT_IN_PYLIDC,2
a918b41943dd0348000101be613ad448e04e687608a68a6488f61e0027aa611e,SOURCE_ANNOTATION_NOT_IN_PYLIDC,20
a936df99e87829c132874ec3d9b40790c099b10ae584d7a1de1c93dc74a2a64f,SOURCE_ANNOTATION_NOT_IN_PYLIDC,2
a9c9968e105d7514fc42b994a1c19210332521f6c7aa3599f1f823903e279b26,SOURCE_ANNOTATION_NOT_IN_PYLIDC,13
a9cf4020b996e0984741da738a2eb8ae3e0c17bb7ba16081eaf808ee57ab7cdf,SOURCE_ANNOTATION_NOT_IN_PYLIDC,15
a9f793f036ecf3d9ca2f94245da925d2a10c1aef8b801d75926c2bd29e8de8a8,SOURCE_ANNOTATION_NOT_IN_PYLIDC,11
aa0fb83ba2915fffee1b3ddb19ebe1a145f01dc13fdb12bb54303903a82104f2,SOURCE_ANNOTATION_NOT_IN_PYLIDC,7
aa8fa3c522b9d428216ea38582530dacb831c0e1b9f54487e63ba7a09af82d35,SOURCE_ANNOTATION_NOT_IN_PYLIDC,3
aab04a2b0701a4af7198fda621468e93878ff92cbb7087f0f26b47e38cd615b3,SOURCE_ANNOTATION_NOT_IN_PYLIDC,1
aaf373f83f86718563f622ff70229aef952382a54023348dd5a1f58c8357fdc3,SOURCE_ANNOTATION_NOT_IN_PYLIDC,24
ab594df97ed462f2cdc6da9e16a1674c36b4d38e4c0abccb8c798fb9bfc9f679,SOURCE_ANNOTATION_NOT_IN_PYLIDC,170
ab83de5538899c4c7e959d8ad231a18a4d6779e3c44a48b495e54ee7bff669f4,SOURCE_ANNOTATION_NOT_IN_PYLIDC,4
ab8d3bf5eb957b606f044e02f593922fadcfaf8be602d7a80a076489378ffcb7,SOURCE_ANNOTATION_NOT_IN_PYLIDC,1
ac12c175e326b108a6891315f330c35247f237fea2a39be22a2bf71913ecb332,SOURCE_ANNOTATION_NOT_IN_PYLIDC,5
aca2d6a4fa9d7ee693b405d4be9cf22195399afd2340940e73056a922f32664d,SOURCE_ANNOTATION_NOT_IN_PYLIDC,6
acfd909c48ea3eccb67a736c5f5235accf8e597a045c660d09abcb200bd23ae0,SOURCE_ANNOTATION_NOT_IN_PYLIDC,51
ad4c0a75c3a9739040dd93fd4ced2852d2738aea34817676f5091404cde17bdb,SOURCE_ANNOTATION_NOT_IN_PYLIDC,7
ad7463bdfb688dc0536d0dbe6806d22f42d1fda338cea0ccdd02d9bf97a1a8f9,SOURCE_ANNOTATION_NOT_IN_PYLIDC,19
ad7d2d5f4052295daac3139533d8120ffab8fe78f0781eae0fd4e782459d8649,SOURCE_ANNOTATION_NOT_IN_PYLIDC,6
adc83c8ab1f6149ca6435f938bd481c9ca796b1341e25411732e04ceaa391e2c,SOURCE_ANNOTATION_NOT_IN_PYLIDC,13
ae191a9952ca0ee656c1a2b4ea82cf884ada76875fec62ec4522d9d0d2707468,SOURCE_ANNOTATION_NOT_IN_PYLIDC,3
ae43713d80b876426bff8d3a6bc2e0e9a67052a56568efe011d1145a951d49f8,SOURCE_ANNOTATION_NOT_IN_PYLIDC,9
ae97a61f1b917dfe1806b996b9ca6808c894495c1423fb67ed9482ff0d822c2a,SOURCE_ANNOTATION_NOT_IN_PYLIDC,14
aea3e1abfc6809da4509c6dcf3a88967bde6fbd24c574e0e5a565f16d4effa26,SOURCE_ANNOTATION_NOT_IN_PYLIDC,51
aee36e4bc022beaa71e1ca969ed54afc9e498ddff22e18a58b4ac4d954d7e1b3,SOURCE_ANNOTATION_NOT_IN_PYLIDC,14
aef99f58254ca7857245cd2911354f3c38e2948ab4181372f24d9b6fd7c0ab78,SOURCE_ANNOTATION_NOT_IN_PYLIDC,9
af236a748225f27d292eec2edf99b2e4c2383cf97380fb3d61a2c08478d1307c,SOURCE_ANNOTATION_NOT_IN_PYLIDC,20
af6fb46741c1339a566a328708fcde6c4de7fe369bde65b05269a8c38779c78c,SOURCE_ANNOTATION_NOT_IN_PYLIDC,4
afa035c355e61616831164f3c98f8b60d8c09a63c822cb8c5c389dcb0ed08461,SOURCE_ANNOTATION_NOT_IN_PYLIDC,7
afafd2de9ce3a9a07f652da9bde21070e2b06f10972f61f836a5b11e8ad72884,SOURCE_ANNOTATION_NOT_IN_PYLIDC,9
b0342e65c0b9cbe627701d1f2cc95de41a848ae66feed685688f0bdc52773a34,SOURCE_ANNOTATION_NOT_IN_PYLIDC,37
b05fcea1c5a67106a01c4aa234d01852130d226d46cd156ed48388a9ec085e2d,SOURCE_ANNOTATION_NOT_IN_PYLIDC,2
b06db76abba86f6e5e425ce7958667bcc17b9561f89e55c1d8b1c8e6196e5d0a,SOURCE_ANNOTATION_NOT_IN_PYLIDC,3
b129f18b9dbd6e00be0c22b6fdc42c158b9b8c16f9d5768cc6f8383957b9d28a,SOURCE_ANNOTATION_NOT_IN_PYLIDC,9
b1360be9394fbc2e5665dccb7a098284203cbe436e58e9af061f4640d5c6ab83,SOURCE_ANNOTATION_NOT_IN_PYLIDC,1
b1380d7e4dc37b8ed391efea591185f375cb36cf289f3912aa9acc3d39d7c25f,SOURCE_ANNOTATION_NOT_IN_PYLIDC,23
b18cde0d539f4e1cfa72bcc3032eb1076d8d208f19061f69afdf9ba3ed6d60fe,SOURCE_ANNOTATION_NOT_IN_PYLIDC,8
b1f67b1b1a1b2fcdb9709d11b2ce7877ab36ed37af4b3db2143dd86ffc80ff0b,SOURCE_ANNOTATION_NOT_IN_PYLIDC,13
b283acbae70c79a0bbe02596b5471d5b7bcf7c407fc630eeeef4ac4428202676,SOURCE_ANNOTATION_NOT_IN_PYLIDC,15
b2cc56a375256a7ddef2d5b513f91c45236c8247e140c237d65162b5fc671cf3,SOURCE_ANNOTATION_NOT_IN_PYLIDC,1
b333021f5ee15da6f571cb1decb75f7f825c9b9362fdedc87a31858e0a552879,SOURCE_ANNOTATION_NOT_IN_PYLIDC,9
b34a1a9cb74701c822051df6c770983d4bdcbb4907e1d5be12a9535e7b5fca0f,SOURCE_ANNOTATION_NOT_IN_PYLIDC,2
b37f5b9f1c4f757200b8e77a8df73ad9fbc8e208646f3f46c84919960adb4ff3,SOURCE_ANNOTATION_NOT_IN_PYLIDC,9
b3a4e3b8c2d631dab5c1717929fb94693314bdbdd6e1f13f17fba2e6d20704e3,SOURCE_ANNOTATION_NOT_IN_PYLIDC,8
b3bdb54bfa835ecf77d729ece1375515b6c03462ea310e37153c9d2db576dc4e,SOURCE_ANNOTATION_NOT_IN_PYLIDC,11
b3bde557b1bf7fce954b7ab7687a0c74b2d0f328e00d5676c993009a4ad0bb27,SOURCE_ANNOTATION_NOT_IN_PYLIDC,35
b3d7d252eeadc02094569db9c1b56ec4bc265fd007e9755a7059ef4512d5e080,SOURCE_ANNOTATION_NOT_IN_PYLIDC,12
b453e7210f539bc41cb2679146f82476ebd4132dd15dd129b7dc29d5bce446ad,SOURCE_ANNOTATION_NOT_IN_PYLIDC,3
b49d0e3c5220a65fef85680e3d63b797e2342bcb18f054bcc30df65bdb6cb759,SOURCE_ANNOTATION_NOT_IN_PYLIDC,10
b525ab90239ce367625a6e36ce0a3961f468e51a00522bc5aaf886939086f3a6,SOURCE_ANNOTATION_NOT_IN_PYLIDC,42
b54d27a83da8cd18afdc36ae8f7f4c66bdb44bb432894bd57fef762a058ef83b,SOURCE_ANNOTATION_NOT_IN_PYLIDC,8
b58038682bf0f8a197b6adf14affc604e23a22fca03701df9ab8db1aa04a3b2e,SOURCE_ANNOTATION_NOT_IN_PYLIDC,9
b5e70bc0b23d7f9abcb4a674b94cf6bddbac9256a36c68553c85756aa463d159,SOURCE_ANNOTATION_NOT_IN_PYLIDC,3
b5e9b8ea7f31133d3d639102e28db583693b8daafe7fdae50ead925c2dde3d8f,SOURCE_ANNOTATION_NOT_IN_PYLIDC,2
b6233e6ceb8a2440d843eb0b23b34da8e8ee2e770904d7b6ee3f336e2b0b9464,SOURCE_ANNOTATION_NOT_IN_PYLIDC,9
b62ab945c4c288b25afe2fc18dd77f822f021c96d085640cd17ba4f204dcf060,SOURCE_ANNOTATION_NOT_IN_PYLIDC,6
b68dc3d6cefbd8229517d18b2f2c787013ab68bdafa8961db5b969cf2125cf96,SOURCE_ANNOTATION_NOT_IN_PYLIDC,13
b6a0aa8ac2d0bb6fb5c1339d34321d6c490aaae48c529f49951d08101c075b03,SOURCE_ANNOTATION_NOT_IN_PYLIDC,12
b6efdd2e1a1960a17129edd64ea8df47dc7f5c36e86360e64fddb1a8bbbea436,SOURCE_ANNOTATION_NOT_IN_PYLIDC,21
b7b5a0c334b9144502e43793ef140e105074c604dc8d97bb76f91fcc912fea63,SOURCE_ANNOTATION_NOT_IN_PYLIDC,7
b7fe80ff99d055997737bdf7549cf4cebc955ba22c8bf86b82c44a7750efdc9e,SOURCE_ANNOTATION_NOT_IN_PYLIDC,9
b86fb90ff59dd2259087cf410ed85fbec5a1d6e994fd2b44952250c2b8868502,SOURCE_ANNOTATION_NOT_IN_PYLIDC,24
b8cdbf8756e264d15a57d2b489334b9453c7acf4bd0378cc84b4ab1173e26901,SOURCE_ANNOTATION_NOT_IN_PYLIDC,7
b8f85657af68cadd886edd579dae2f0088bc2562d3da33a9906c85f175380972,SOURCE_ANNOTATION_NOT_IN_PYLIDC,13
b9cd1766f571d9d23d9b3f486e088d7adc4bd164b84f8ac716aa40be3e2bdd2c,SOURCE_ANNOTATION_NOT_IN_PYLIDC,6
b9e3d950a94d4b458e7c150136b682b8816b1bc47cdcd572206064b2ab1e081e,SOURCE_ANNOTATION_NOT_IN_PYLIDC,8
b9ec80863a97e75a966eca10c22ed2e03272f504a088e055ff2acbf4b5d19495,SOURCE_ANNOTATION_NOT_IN_PYLIDC,1
ba930ebceed28a5972ea25ba3ba5411b63fdf1b0f97c1a62b01bc7dac34f0459,SOURCE_ANNOTATION_NOT_IN_PYLIDC,15
ba93934ba8915775da96b3741971c424df69f06d7541d4cc7c7eccc1b89aa375,SOURCE_ANNOTATION_NOT_IN_PYLIDC,2
bab6fe757d3ad0fde25f188b7034ddd3e65ec3ec45646e8802581dcfaeb55243,SOURCE_ANNOTATION_NOT_IN_PYLIDC,3
badff9322c72ce5236c62aae15151494b5f99597e69cf4c8a699a2149d5d9025,SOURCE_ANNOTATION_NOT_IN_PYLIDC,62
baf12daa2c6b68cd70f1b18ed3380f0371dab6ad9c45975ea610ebb763f6eada,SOURCE_ANNOTATION_NOT_IN_PYLIDC,2
bbb4d39d6fff35bea52a284d8cb358ce487a301bf75e69098d6fd5241b0d8c58,SOURCE_ANNOTATION_NOT_IN_PYLIDC,2
bbcb689db543e9279602ba75ace245e1ca66398fddf856d229b360e85cceba8a,SOURCE_ANNOTATION_NOT_IN_PYLIDC,27
bc45f02877618218c0f19060939dd0cee2db9b2ba39738e5837b05183c2e9a8f,SOURCE_ANNOTATION_NOT_IN_PYLIDC,9
bc58444222d80054d4b7a277af9f6e7a6c8015b5afe0fc2599dd4fc8f280b2b6,SOURCE_ANNOTATION_NOT_IN_PYLIDC,3
bc6e8cde2a602a2683eeba5eb859a42dd395b097dabb81ec9c9519592f27a3c3,SOURCE_ANNOTATION_NOT_IN_PYLIDC,27
bd1c837a1a119bc0774908bba88cf013e9c9f3264be5ae67fae3ad6f7e8264f3,SOURCE_ANNOTATION_NOT_IN_PYLIDC,12
bd5f8a779d619faff1ed201b1a4afc5d4feb517d564c3b19b3ac1121f3878e5e,SOURCE_ANNOTATION_NOT_IN_PYLIDC,11
bd6236ba4663dd4e299479f30cafd8a4fa5084005748abf6d83ffa3a176e57b2,SOURCE_ANNOTATION_NOT_IN_PYLIDC,18
bd98dc723835d03f206849b27b5da1ae07508b4470a80a5cdbad390d5c0f4dc3,SOURCE_ANNOTATION_NOT_IN_PYLIDC,3
bdd7d7c5bba93d75e3947f4da4acdfaa68cb530b79e5dc170827126c6cdadcdf,SOURCE_ANNOTATION_NOT_IN_PYLIDC,14
be55fd6803c98cd03ea8a7baf0a909b6ab3cedd6b606a360e0baa279b1da5475,SOURCE_ANNOTATION_NOT_IN_PYLIDC,6
be7f277784856e5cca1ad3de9a1acf9d55b503bd44b7f37e54d62ca3465993c4,SOURCE_ANNOTATION_NOT_IN_PYLIDC,4
bed5b321a2ecef254732611e816a14ed6ae35cff3a56bec20075ee40a5b3f292,SOURCE_ANNOTATION_NOT_IN_PYLIDC,1
bee1fc8b7a08e5975b11752d9e868d6ce89ecdd360bb2836c790f63c76a17ae1,SOURCE_ANNOTATION_NOT_IN_PYLIDC,7
bef050c3387a67939d42ac1210a1c769e75ca19e5a84b0d7e6a563528ff71314,SOURCE_ANNOTATION_NOT_IN_PYLIDC,17
bf8bb33395db7d25965bdb0b35d9ee539181614f55c093c1933ff424bd231914,SOURCE_ANNOTATION_NOT_IN_PYLIDC,19
bfbb6e08b12bf9dc7f608ad6fe22279085c911791fd6d93674748e45d261755b,SOURCE_ANNOTATION_NOT_IN_PYLIDC,30
bfbc57d6fd03bb518b010a38ef616e670acbec0f939988e337ea98fae723e51f,SOURCE_ANNOTATION_NOT_IN_PYLIDC,24
c00ce3fd6cc265de963932ea5a052c989e3d671651370d05a4b1aee2e4f7e399,SOURCE_ANNOTATION_NOT_IN_PYLIDC,7
c0249239df2284a1de57a49788808edd2c6898fd0d8ee9780efdf35eadf66676,SOURCE_ANNOTATION_NOT_IN_PYLIDC,15
c05614865d435b9f7560070fb59e15a471b38fd10beff951c6aa0d4cbafc7f7e,SOURCE_ANNOTATION_NOT_IN_PYLIDC,8
c0804e4484ae643b04271924b45202162e0d9afab03ea644bbe187d0bdcff876,SOURCE_ANNOTATION_NOT_IN_PYLIDC,10
c0f445236d05afd5e98c6cd035b0b0a999f0eb453e307231b9d876a7aac32bae,SOURCE_ANNOTATION_NOT_IN_PYLIDC,4
c0fdd8ba2a24a6bc38a529f65aae78bb744ea37bd95f81bbbdf491179f5605e9,SOURCE_ANNOTATION_NOT_IN_PYLIDC,15
c1199b83907aecc47cca167235b89fb1aea7fce9ae33ec6e62f1bd73da895d0f,SOURCE_ANNOTATION_NOT_IN_PYLIDC,20
c12b13d85cca9e1350b017f258f2ef96bf6e3da98afdfa048711fcd517e4d6fc,SOURCE_ANNOTATION_NOT_IN_PYLIDC,3
c13a1f09cf3ecd0318a22387719c944a157c1dcfc44c880595fe01bf1dd0f012,SOURCE_ANNOTATION_NOT_IN_PYLIDC,5
c1429c13719a48ae026ae03aaf67c3c81acc79a9d45f2d657ed7181b70a09c1b,SOURCE_ANNOTATION_NOT_IN_PYLIDC,7
c147cc5a022f5f6803b14457c88e3791d4476d8f8ac75dfe033394c83bdd2a74,SOURCE_ANNOTATION_NOT_IN_PYLIDC,9
c183b601a8e88e22ac169387db5d7ad40965b9039f389d456daba1ee824e6c52,SOURCE_ANNOTATION_NOT_IN_PYLIDC,13
c254c2d8b61b925bd8096147dfca57a0d1e49131061497bbe4d12d0780b84d83,SOURCE_ANNOTATION_NOT_IN_PYLIDC,2
c2a9b5250f3fd8c13fb322ea09acc66d5b2dffed7d49ae89c0aad6496a8349f4,SOURCE_ANNOTATION_NOT_IN_PYLIDC,10
c392afd72683f9153c92d7f93692a21a2eb29ea47ea587daab4fc35a78a9250e,SOURCE_ANNOTATION_NOT_IN_PYLIDC,81
c3ffb4e4cea87b35e1cd80f7010def62724c4fcf3d68263214fbeb5e3f28940d,SOURCE_ANNOTATION_NOT_IN_PYLIDC,92
c43a7b4d576d88ada7be50e697efec47a65d9f571cb79c995f9317f988d0a3bd,SOURCE_ANNOTATION_NOT_IN_PYLIDC,20
c4400ba9ce4f8f059395ffa629ed8b92d98f88095776e978bdade16327b48435,SOURCE_ANNOTATION_NOT_IN_PYLIDC,20
c58660c5716cac3e702ccbbaff40bc9e5671c358d591477f7bb777543a32df9a,SOURCE_ANNOTATION_NOT_IN_PYLIDC,51
c5872aee927c1a9273478205f31cea5edb32b4d57012970419b1f0256c941173,SOURCE_ANNOTATION_NOT_IN_PYLIDC,1
c64dd23326d95050b1a8a7d5021220e51b5d17cdf0d09773b0f85b67091c752a,SOURCE_ANNOTATION_NOT_IN_PYLIDC,6
c669c8622ffef7d895d6cfaa9fc97d3c1bffa6aacd45f26d199283095464b891,SOURCE_ANNOTATION_NOT_IN_PYLIDC,9
c68b58b36e1d2b70da1d34ad918e69ebd2cba56e3a063ad12be61fdfe649195e,SOURCE_ANNOTATION_NOT_IN_PYLIDC,30
c6e3decde0421ba51e8b19878e348a2fb3adbed63a94aa43ebf2ed354a5153ea,SOURCE_ANNOTATION_NOT_IN_PYLIDC,91
c776a216b8b088519cdf4ccfc804aba683eda7d5afb84e32fcb581f3d847d17e,SOURCE_ANNOTATION_NOT_IN_PYLIDC,31
c78c4f960b90c864d046859ce018fb2ffbffefbd6be29d9db36f3d927d69df41,SOURCE_ANNOTATION_NOT_IN_PYLIDC,27
c7b2bde60a1755fbdf80f5e1ffb9660f747aef049b19229826d6a041b7b09eb6,SOURCE_ANNOTATION_NOT_IN_PYLIDC,4
c7bdabaec73907f32de3a83fb2cd22b1ae218b9f66991df7501f4a5f5e9f3829,SOURCE_ANNOTATION_NOT_IN_PYLIDC,5
c7c140ac76e18ad610aa61cbb272079b97acc91aff48c3075c78dcb758934fc8,SOURCE_ANNOTATION_NOT_IN_PYLIDC,6
c7de254bfeb6830f79ef191f2f51f8cc1729284aa82e60bd34bda3c041fb5a58,SOURCE_ANNOTATION_NOT_IN_PYLIDC,12
c8c27477e60206bed8c47d2b671ab69b25afa19151c7fabd7d24b889389ba035,SOURCE_ANNOTATION_NOT_IN_PYLIDC,4
c96f8d562fd2abde975b32183c8e09b0780a9a8d1495304a01adfb99d173e83c,SOURCE_ANNOTATION_NOT_IN_PYLIDC,17
ca96c3a8c8b54549f7f7af12ba13afb6748da73e37c63427b9496424663e2462,SOURCE_ANNOTATION_NOT_IN_PYLIDC,16
cacaf2185b18ee4d20e6bf336b7acffd1c90a2423faf018d7bb554451fd6c7e0,SOURCE_ANNOTATION_NOT_IN_PYLIDC,4
cae49ebfe38ea2a5ea2f3471986165cecba841a2e86082294024036ee4ea850e,SOURCE_ANNOTATION_NOT_IN_PYLIDC,8
cb24eabb721936d92639ee87a7305f0782ab776607d75cd0a3730b350ef41e42,SOURCE_ANNOTATION_NOT_IN_PYLIDC,4
cb57ddc94d85c7eae2ff0f3b861e4b18a35ea06f3e2783d807d2be2f6010a54e,SOURCE_ANNOTATION_NOT_IN_PYLIDC,5
cba1c40d27976e961af8b7dc1ec74b3722e4b27ad155761a8f02fd8a2088a534,SOURCE_ANNOTATION_NOT_IN_PYLIDC,4
cbaa38b9c37fd6b827fe9c18c40880cad629c207937dea14ce120490a8336a45,SOURCE_ANNOTATION_NOT_IN_PYLIDC,9
cbcdbcbfe9478c495cae02286c940cd8a2ead3a02f4a0b95ac63dbb5ebe21335,SOURCE_ANNOTATION_NOT_IN_PYLIDC,12
cbce68f7693a40c1cabc41401781ff63ad82fb37ab16099ad57c52e7f332ec41,SOURCE_ANNOTATION_NOT_IN_PYLIDC,58
cbdadd8d97e1724c376d33e2b18ac62eba5c390b12a54b1c210a4b75f0d60f62,SOURCE_ANNOTATION_NOT_IN_PYLIDC,7
cbe1ccf0dd12e81b30815ee40b4285ffe21d65daf36a70a8fe7598dc6454c61b,SOURCE_ANNOTATION_NOT_IN_PYLIDC,1
cc1a2ef037cb7a048cf22b3ae4da13f7533bd32d1625d6cabaa1c0973a92b33d,SOURCE_ANNOTATION_NOT_IN_PYLIDC,13
ccb1b33e8a3a91bb5d909cfd0f560409f250ac8024268d725139ec871e1a548d,SOURCE_ANNOTATION_NOT_IN_PYLIDC,17
ccd1a94bb184156125cb585ff1b4ffd18ca67049ea350b75e2d1ca41339aca67,SOURCE_ANNOTATION_NOT_IN_PYLIDC,13
cd2210633736e468093816fc0309d9b2e3a186be5149c6bc2d3af58746d9d70e,SOURCE_ANNOTATION_NOT_IN_PYLIDC,7
cd936d727ca6d0b43fa0ca50124c54c702192d7310a845c29a366b15186802fb,SOURCE_ANNOTATION_NOT_IN_PYLIDC,48
cdb069d77a960aaccde452328473fce47d406d6b53b4559b52af61fd7506dca4,SOURCE_ANNOTATION_NOT_IN_PYLIDC,14
cdb5d000baa3b220349698f36e4bb909b051798ceb334f9478e63bdc1c907c42,SOURCE_ANNOTATION_NOT_IN_PYLIDC,22
ce4d623ca8df98a0bf343ea7bdce7a5cf4b0d929c9b0ea86725ee1e1d9ca62b5,SOURCE_ANNOTATION_NOT_IN_PYLIDC,7
ce588ebc7580112c4cf5fd7ec9e147ebd9b7e431d30e84eca7018746d9efb126,SOURCE_ANNOTATION_NOT_IN_PYLIDC,11
ce9dc9b20b7c6631096a7912019f685224e55e4d6aa1423489c499c272b6c29c,SOURCE_ANNOTATION_NOT_IN_PYLIDC,11
cec8c31e59bea9380a9b0ffb5b89f926946b6ac36436c60751bb6424e68f6d2c,SOURCE_ANNOTATION_NOT_IN_PYLIDC,4
ceda1471d44b4725accafbe69a30d5b9c874cfafa4b8f0d75ca409f14205d2c3,SOURCE_ANNOTATION_NOT_IN_PYLIDC,30
cee0694f068746edbed748ce52618ba54c0efc92a87362669a20e712d0dbb91b,SOURCE_ANNOTATION_NOT_IN_PYLIDC,19
cee5a9ba1a7cc8a4f51d4b9dc99d63e17956ee10c245b0fa70dde8595efe3a3b,SOURCE_ANNOTATION_NOT_IN_PYLIDC,12
cefd247cc12ffbf65decd9361f6c8f1a811cced597886dc1c52fd5b985177c67,SOURCE_ANNOTATION_NOT_IN_PYLIDC,4
cf81ade98ce34aceab47c62128d55e73d4a14fb67d81f30a217150946b5f1b94,SOURCE_ANNOTATION_NOT_IN_PYLIDC,12
cf96bdbbabef5a0aa866b1ed4a8be6f6353cf8a9a0d96d627511cecfd274c959,SOURCE_ANNOTATION_NOT_IN_PYLIDC,32
cfa4e75dbc3776982c6e00fc02b6212de713f6b71e13e520e94e0989f50296cd,SOURCE_ANNOTATION_NOT_IN_PYLIDC,50
d03cb27bcf5dfb62e1bf5afc58b54e7eade7b3df290d4aa3caac6a03322582cc,SOURCE_ANNOTATION_NOT_IN_PYLIDC,34
d13b5374948b092ba8ec4345223265655257abc7440a6cc4ab44ab5c1e2904ae,SOURCE_ANNOTATION_NOT_IN_PYLIDC,7
d13e98b8b5687f7d139252dfb00bd28582d1d007eced4a160b1753948746e0a7,SOURCE_ANNOTATION_NOT_IN_PYLIDC,11
d1dbeff12366deb3c4a7a5025fe9be06374e434b3575d34c42e2654d03455c88,SOURCE_ANNOTATION_NOT_IN_PYLIDC,11
d201665e4a9d7946ae46c0c0aa4fe452a4a1659a3d3fd7ce4f7e865c8df498d8,SOURCE_ANNOTATION_NOT_IN_PYLIDC,2
d2222868bb2b1c1da9d1cdcf063242f875dd0e0337caa79291aef0f0b8095fda,SOURCE_ANNOTATION_NOT_IN_PYLIDC,36
d23820078028d14e42841df63178726241f6cfc30d7da41bc1ad3ab199164987,SOURCE_ANNOTATION_NOT_IN_PYLIDC,16
d27d30570d73129687a98b06a018eb23c68214bb76de569aae9a52b5f8eb9fe7,SOURCE_ANNOTATION_NOT_IN_PYLIDC,8
d37d03f7eed5850f8afe85afba4ba2e279befd49c1674295c7a73566d9f9ab16,SOURCE_ANNOTATION_NOT_IN_PYLIDC,4
d3a9db77541656f257e14c176b9d73891193562bc91751600fadacaa0281c2ba,SOURCE_ANNOTATION_NOT_IN_PYLIDC,32
d45bebc26329ab757d263dbff3ee523aa9a98f615521c1ce0be443548d7e972d,SOURCE_ANNOTATION_NOT_IN_PYLIDC,10
d487b2437824aedd88794ace1791aff7707f1c01dbe1ac6965bde6b3a0ea4a7e,SOURCE_ANNOTATION_NOT_IN_PYLIDC,6
d4cda90c1e7ff87de0d426a311bea3dfe44f6acd8d49d78a56ba35a5897ae9c1,SOURCE_ANNOTATION_NOT_IN_PYLIDC,16
d4e7ce2c5bbde88e687500a49afbe1f5b9d74ed12ea098e08f8d5253829a54cd,SOURCE_ANNOTATION_NOT_IN_PYLIDC,8
d4f97dc905420d7987c01b5aff6ce9cec595c0b27a8b66c0ed3aa8199b7091da,SOURCE_ANNOTATION_NOT_IN_PYLIDC,4
d52241346acaf5056f1bb22539d1715f35198f97a4b6482a6f4faa9d3fecafa1,SOURCE_ANNOTATION_NOT_IN_PYLIDC,3
d5612e81d5a7b349df88bd2b7a21b0866066c9389713607e12af39c18423a918,SOURCE_ANNOTATION_NOT_IN_PYLIDC,10
d586100f26918583cf188bde3b46caa21c5d74ca06bddac9d0f43542559dadd6,SOURCE_ANNOTATION_NOT_IN_PYLIDC,27
d603e075a91dc43626ea25ecda4735722bf486111b42162d4f121b99e801e72e,SOURCE_ANNOTATION_NOT_IN_PYLIDC,3
d62337c849e5878b43c237cfac7ee77fd97439d56f70cf433ed819cacea0af8c,SOURCE_ANNOTATION_NOT_IN_PYLIDC,13
d6cf082ef6d82dce8675056b9da4c8d8ddc6c558e657ea555fab5d0085ed4427,SOURCE_ANNOTATION_NOT_IN_PYLIDC,25
d6e0ebfadc9373e61426598aadcec332e43b960a97d2f18a114a9cdfafe8c409,SOURCE_ANNOTATION_NOT_IN_PYLIDC,3
d785440f54cb6702d43c463e146950a66af52f353a618cc2186d68856b172e10,SOURCE_ANNOTATION_NOT_IN_PYLIDC,2
d7b40c752ffb3e24420474f2672f821386d0ebfe141e8003c75e3e6fd61852a8,SOURCE_ANNOTATION_NOT_IN_PYLIDC,47
d880c55c629c9aef6d39cc8481e37b15eea73aa1fe88d8e1f9fa93ef1a8f58a8,SOURCE_ANNOTATION_NOT_IN_PYLIDC,19
d8c051e73049059b27d3b6c0cd8aa6f70e8b77e7fe596ec7b1a9cd000d2e8278,SOURCE_ANNOTATION_NOT_IN_PYLIDC,11
d8d5931a5860eb9f9665f17304afbf4685df3450da7ab39d6256147d575b14a3,SOURCE_ANNOTATION_NOT_IN_PYLIDC,4
d9160c5558426d77dc5a68b59c9c26016e3cabaef7a0a0dd8c5a2ba05edc56ec,SOURCE_ANNOTATION_NOT_IN_PYLIDC,7
d94e719f2a0521eb2c065cfd20c9adaebec7133f5aed36a70c733faac41f8ef0,SOURCE_ANNOTATION_NOT_IN_PYLIDC,8
d99860c1bb4096bb0136b4b75132d54456b0e02aa13ea013d66cac8cc19bd163,SOURCE_ANNOTATION_NOT_IN_PYLIDC,8
da4c6978bf8f7813b2cba1fe29bc7d40194e9cb1d5ea1306710ade91dcbd00f0,SOURCE_ANNOTATION_NOT_IN_PYLIDC,6
dae85186be9435e06e9d6b0758ea7b01ba55fa23f9a8cee53914822663a2caed,SOURCE_ANNOTATION_NOT_IN_PYLIDC,7
db4253ce797f54544d0489fd1172587d3394033c902e7b9bfad0f32a6c86c53c,SOURCE_ANNOTATION_NOT_IN_PYLIDC,8
db55b2a7e17ef447788718ddf740ebdda3698d1349bbf3794ca27094f2dc4106,SOURCE_ANNOTATION_NOT_IN_PYLIDC,6
db745291bded982e327ecf13e1ba351350cf6211d88486781eefd2afb48b3525,SOURCE_ANNOTATION_NOT_IN_PYLIDC,5
db7abeb1484a3221cafa7c92c04cb630c029fd2ea937db0c18a8210f6745b312,SOURCE_ANNOTATION_NOT_IN_PYLIDC,49
db80857602083ce1839f788735c06e64db32b360872479fc6c97d10d994c23f0,SOURCE_ANNOTATION_NOT_IN_PYLIDC,21
db96dba881a84b5bbe4e8cc96738c54a9448b7d8c9e2669784242f478bbe0747,SOURCE_ANNOTATION_NOT_IN_PYLIDC,6
dbb8d1718a8ff43088341f1a5eaf907c1ac5799293a065976e8d7b63e0d80180,SOURCE_ANNOTATION_NOT_IN_PYLIDC,4
dbc758d74156d44f60f6f075fbd2f1c5c2613b2a3b81eb7f7385ca5c27a8d06c,SOURCE_ANNOTATION_NOT_IN_PYLIDC,20
dbf8d80e88f866a12f95306a6bc6a9758b36159a409d0b881107d2982c8aa9de,SOURCE_ANNOTATION_NOT_IN_PYLIDC,18
dcd7c13073710495ee8b94c49d11d4397fe0c15d811fc0ea155853cf7b57d53b,SOURCE_ANNOTATION_NOT_IN_PYLIDC,16
dcda5e081c81f4a745f9d8b48d9a3489498e83fbe8cddad2e90395cca4ae6d05,SOURCE_ANNOTATION_NOT_IN_PYLIDC,14
dd2ac5cb0d872868f2620340936997179aa4d476bd8ba79e3fa8ad6c971cadc8,SOURCE_ANNOTATION_NOT_IN_PYLIDC,10
ddb24a4f26ce944d36729d28d8aaa31309274e38beab65e3f2c9e2f734daa4c0,SOURCE_ANNOTATION_NOT_IN_PYLIDC,16
de3bb41b3623eecc2948634de8c76e0d4abb30341fdc6c5a9fa88c335031b8d4,SOURCE_ANNOTATION_NOT_IN_PYLIDC,11
de470d4fa84ebc3bdc67135465b5dae11336994e47f6c977d539110e6e49da10,SOURCE_ANNOTATION_NOT_IN_PYLIDC,14
de49ca708f1ae7f6b5fe9c36c96e49d10c8accd7f5869cd8fc60fe7224cacc13,SOURCE_ANNOTATION_NOT_IN_PYLIDC,1
de7226ee0d491c835836daa0ccae447e98de888ae450606c205bd74adacc7bff,SOURCE_ANNOTATION_NOT_IN_PYLIDC,9
de8b397fe54df1d11c891462c7c651ef751250ac9d9fece1efc8bff9131645c6,SOURCE_ANNOTATION_NOT_IN_PYLIDC,9
dfaff2fd5d20666e3e374979f0929e3543506e2d1fab0f867ed7c2eb305154cd,SOURCE_ANNOTATION_NOT_IN_PYLIDC,18
dfcec79ec8cb1fe6b6ba3b36140afdd48972b52596649fc59f0b43a16f31a776,SOURCE_ANNOTATION_NOT_IN_PYLIDC,7
e02b61057f199f0154209a4e4762002c81aeac960dae7f32eea89a245fb61ba3,SOURCE_ANNOTATION_NOT_IN_PYLIDC,17
e0724c0035b9af2d96c7c80e219f2c0fb148926720db31e7572c24887f984806,SOURCE_ANNOTATION_NOT_IN_PYLIDC,11
e0aab9a709ffb3c36319df1f63501e08b6855233bdd8712593a310c6254446cf,SOURCE_ANNOTATION_NOT_IN_PYLIDC,9
e0b31731aea5a13c7d4c5e7573f5b5f47c5dec3e058c02eb2019b6f4347ab923,SOURCE_ANNOTATION_NOT_IN_PYLIDC,9
e11cd135a24b6b19414abf36d6224ca29b1fbe3810ee943bb517692b47423d28,SOURCE_ANNOTATION_NOT_IN_PYLIDC,134
e15c4e64997017f272368cecde080a66da1ea21fb73bf40d266256447eae53c7,SOURCE_ANNOTATION_NOT_IN_PYLIDC,4
e1b59a9efd19a9a8daa5a0ca470badde6b4c94bbf11c7dab09fb739b043dd432,SOURCE_ANNOTATION_NOT_IN_PYLIDC,72
e1cdc93df6f648fdc3ee60e897397a73316c5f12c800d1c4a8f1aba41092a844,SOURCE_ANNOTATION_NOT_IN_PYLIDC,9
e2374aeda3427857e76210bd6a4d3233cb895ab006fb664941fc1a16abc9490b,SOURCE_ANNOTATION_NOT_IN_PYLIDC,12
e356044198938e97ea0619143b32db1b95f7d29a043d1ef526451c50b76d6e6f,SOURCE_ANNOTATION_NOT_IN_PYLIDC,50
e37bce5291af40a1e5165a84a35269efa38c7ef4c668224acd08cae7295f6ac0,SOURCE_ANNOTATION_NOT_IN_PYLIDC,6
e3a12d0ad6a4f98926605a27248a6ebbe80275660ef44dc19a9f59ec25dc4f81,SOURCE_ANNOTATION_NOT_IN_PYLIDC,4
e3c9debdd71952d9f93b1db41fa033cfa0ba271b579bb1167d49512e3ca83698,SOURCE_ANNOTATION_NOT_IN_PYLIDC,3
e3e317681cf1281df499422cebaca84881d0c5a5c54f56b073cdc7f6d58134ed,SOURCE_ANNOTATION_NOT_IN_PYLIDC,3
e3f18a90131b97b443135b8707c54c562aab58df45cb37d75fee85eceac4e31c,SOURCE_ANNOTATION_NOT_IN_PYLIDC,1
e3ff196604fe501845f268df29b9ee45e3f1d48820ffda8fbd01aabead105dd5,SOURCE_ANNOTATION_NOT_IN_PYLIDC,44
e407e550b9c6aefaeb32f989eb989219a14ebd73a8a6e99166ee25b47b305e7d,SOURCE_ANNOTATION_NOT_IN_PYLIDC,10
e436616f4a10e222dde37988041e321ae14e9c2757772b4b8ccf999cf0f58502,SOURCE_ANNOTATION_NOT_IN_PYLIDC,8
e44185f84e0225963719e41f91c7539c4d08fd4eadd9f4fd9044502b285ec096,SOURCE_ANNOTATION_NOT_IN_PYLIDC,17
e4bb7251cd55b5ce596703d698f3ad0b807857cb9afb3bf7f2600e40ab07eec9,SOURCE_ANNOTATION_NOT_IN_PYLIDC,11
e4e1ade3f8b763e3bcb97d839682201c62482c664b0afd1ef01e2812f70c39b3,SOURCE_ANNOTATION_NOT_IN_PYLIDC,3
e4fb7736cffb660812e067e8e56bba4ffd5d068f09a406104dfaed7d8dfca3ca,SOURCE_ANNOTATION_NOT_IN_PYLIDC,2
e578b4b354878d06be02a2e3c732cc5f2cc1c0c10f44bb705dfbed01cb980f21,SOURCE_ANNOTATION_NOT_IN_PYLIDC,3
e58e403d13cf173387bec9270f92555755f41c6928448bb989086c0e4dba5866,SOURCE_ANNOTATION_NOT_IN_PYLIDC,5
e5ce022cb9a77d7bd85bc359604730ac8a618ba6e03d3c338279da2d580ad496,SOURCE_ANNOTATION_NOT_IN_PYLIDC,11
e61791549dc2d93d41d690878064c6516165b804ab9f36819efa29b05ebead91,SOURCE_ANNOTATION_NOT_IN_PYLIDC,7
e6a882f0ba28ddc5de552612cbe66af885d120532c55f756113d59399f2df33e,SOURCE_ANNOTATION_NOT_IN_PYLIDC,6
e77ffdd2bd4b75f4a6c1166d3ecd07149be66f0a9b6e1f9e200cd8e1fd0bef6b,SOURCE_ANNOTATION_NOT_IN_PYLIDC,1
e8701d0a7765e582096b889b33b34db3c7d9b4a44b057d890b0557f3bfb67363,SOURCE_ANNOTATION_NOT_IN_PYLIDC,14
e872069d2009d69cff797bd3df6a46cdf403fb4416692ee46045f3c1f7de2539,SOURCE_ANNOTATION_NOT_IN_PYLIDC,3
e87f8518d4dab8ac55aa5c2339ca2c060c0b243da6b2dcfbb8a0bed02bfce587,SOURCE_ANNOTATION_NOT_IN_PYLIDC,4
e8a17f488abdc4811e2d824485e1df7e293119de510b23ace4bb235cbe5fdca8,SOURCE_ANNOTATION_NOT_IN_PYLIDC,3
e8b5fb45815f9af6acae3dde494b6f5e825f17fe09750a05b5061f37b4424cf1,SOURCE_ANNOTATION_NOT_IN_PYLIDC,76
e90837d885546e4c9b9af3ba773e670529b2d8201e8d1f7afc5e92a49dac2625,SOURCE_ANNOTATION_NOT_IN_PYLIDC,26
e94837c93d50b9faa862ba7d424c913407e3b9651471c219dbbf275443acc9ad,SOURCE_ANNOTATION_NOT_IN_PYLIDC,6
e9546887979814851731bf09cc248ab159bc4a56cc30782be2949b9cde567bd6,SOURCE_ANNOTATION_NOT_IN_PYLIDC,9
e984e7de6e51561e49260327f66f5dbe8d52cf2ca19110e6cdc860f2c7e34146,SOURCE_ANNOTATION_NOT_IN_PYLIDC,14
e99aca39cf56fe9b90357d7d795ea41f236174d9cbcadaec367be92031a873ce,SOURCE_ANNOTATION_NOT_IN_PYLIDC,14
e9dfe2a639ce7b26116057ec7a730f3bffe898b0c5da1258f825b1b1aad175cb,SOURCE_ANNOTATION_NOT_IN_PYLIDC,1
e9e600cbe8df0068258ebc6cc557c769bed240c404a1dc2751b39fad313183a1,SOURCE_ANNOTATION_NOT_IN_PYLIDC,7
ea300cef01381c81563c3ae3d62bee53973b2bd35db3d6dd72c7afc1a04b6d9c,SOURCE_ANNOTATION_NOT_IN_PYLIDC,27
ea984a1e10127787cb78764718ffffafe4737d304496a8c3db5de02fb745a97f,SOURCE_ANNOTATION_NOT_IN_PYLIDC,20
eaa19370120ad03980c481ca36f7a3cad405ab430df2efa384d2aa0d114bc289,SOURCE_ANNOTATION_NOT_IN_PYLIDC,3
eac6e5c867f480165bfb61a703ebee83da820c7b37a303bca7f3d1b80df7efb0,SOURCE_ANNOTATION_NOT_IN_PYLIDC,5
eac7f186b20ff260491697c9d80eef30807eb643a143f1f47cb7e83d2b4fb7c7,SOURCE_ANNOTATION_NOT_IN_PYLIDC,7
eae6f31b486d805918cc6125e05b7406975f2c2cd38b3cff6963726d2b831179,SOURCE_ANNOTATION_NOT_IN_PYLIDC,8
eb029ca0e93dbf5ba6f97eba85d4c289c7a9bed6d885c6257b2c018ef0ad16b2,SOURCE_ANNOTATION_NOT_IN_PYLIDC,9
eb057960bc86e11fb087bc3298b31791aa8cff066c2287899270bc632f7a54a9,SOURCE_ANNOTATION_NOT_IN_PYLIDC,6
eb4a81d064fc09e359fb3d914f47f22810a908540785f39be9298dfe884bc5f7,SOURCE_ANNOTATION_NOT_IN_PYLIDC,5
eb76ab42202f27426079104d3f7105869fabc3948b08e5b986f0ec5ab50cb9b8,SOURCE_ANNOTATION_NOT_IN_PYLIDC,1
eb7f2bbf18ab7757a18ef5422cf3efbe0e8771e296c6c10d9c14747b34d4c53e,SOURCE_ANNOTATION_NOT_IN_PYLIDC,11
eb873a940eb6991b0f8fce309c02cb59080fb64bce84ecc339be5fb541547595,SOURCE_ANNOTATION_NOT_IN_PYLIDC,4
eb9cf96abc77246b6228284cf351d6e6eb4ec675cd0c25da785f077b18debc8c,SOURCE_ANNOTATION_NOT_IN_PYLIDC,67
ebbff0cb9aa7916fdef000a8e934b383ac7688eb2436dc1191533349b2924bcc,SOURCE_ANNOTATION_NOT_IN_PYLIDC,7
ec0b400fa9f8cd4bb971ca77e414116489017b4fccab03157b402def6488904d,SOURCE_ANNOTATION_NOT_IN_PYLIDC,5
ec2ab328054713884520a779cc0b2a3608b5ede3a3c87ad7117dd9bdf5e8ff5e,SOURCE_ANNOTATION_NOT_IN_PYLIDC,11
ec9668de0e604bc642d5bba26fa5e29f06501555220ffeb53bf92504d858134c,SOURCE_ANNOTATION_NOT_IN_PYLIDC,22
eca2f17ed19809c69e9dac7527c3641f1f890eccaf1a582803ba9bdc70ce5a8c,SOURCE_ANNOTATION_NOT_IN_PYLIDC,5
ecbe7860c7202f2d02b36fa08f525e06cd6b0b3cd24ce61e403290081fa992cd,SOURCE_ANNOTATION_NOT_IN_PYLIDC,10
ecd4eb538ae6bbcdf561ca113996a45d5b7bf645fdceced2514569bf7c9380df,SOURCE_ANNOTATION_NOT_IN_PYLIDC,11
ece9999c872479788272b156ed730e13a790789e91e64422b96c460b52d07c83,SOURCE_ANNOTATION_NOT_IN_PYLIDC,46
ed3152303b0902bc274299fdb6ebc0c52b49e9ffc3fab1704360fa050eb3a212,SOURCE_ANNOTATION_NOT_IN_PYLIDC,128
edf3c8ff04ea27b650c203a89ff2d8f4ca4ae389060e3c223832cf3cc7074e5f,SOURCE_ANNOTATION_NOT_IN_PYLIDC,30
ee28860b54f25000dfd31cdb85dd0e676d51c32ff91923a053e29aa461a02aab,SOURCE_ANNOTATION_NOT_IN_PYLIDC,10
ee378736ef7ec1c8f542d4fe4395e1d9810ff83f2b8014c4f52664ccad5c2208,SOURCE_ANNOTATION_NOT_IN_PYLIDC,3
ee60f3fa7c101c8ade7973e1e9e127e57db34c1ad9ca4b606d86d59d3eb6ac04,SOURCE_ANNOTATION_NOT_IN_PYLIDC,9
eea5e582bc20c79a7a45c516d8965387d8d5672d8ef515fbb5bf74977f36c464,SOURCE_ANNOTATION_NOT_IN_PYLIDC,9
ef9ccd4f3b4100b94a4f86a55438c69a67e727993b76587a10dff51468e59b9d,SOURCE_ANNOTATION_NOT_IN_PYLIDC,10
f0060156f75405edb83d540ee83c00cf89ba7af35f3d4e3b6efea56157d4ee54,SOURCE_ANNOTATION_NOT_IN_PYLIDC,12
f007d6a44a8d5070d24c6ae70b236a4c06f0f480d4a4b7a57037ff9f3e6ee6d0,SOURCE_ANNOTATION_NOT_IN_PYLIDC,8
f1709c06363d8023f91c1fed9464727e4737bcf5455d200374c629c1a8fcec54,SOURCE_ANNOTATION_NOT_IN_PYLIDC,13
f19dae6384c49263c4f836e6037f1c502965024acd452746c987fb9e64f2eff7,SOURCE_ANNOTATION_NOT_IN_PYLIDC,8
f29e2a013bb5da9fd186714415b4772d97bfec73763f647f508d3879c0068869,SOURCE_ANNOTATION_NOT_IN_PYLIDC,1
f328d710b67643f40af1f25a72f9d4b99419a93e4bcf4e8002ea7302416bea6f,SOURCE_ANNOTATION_NOT_IN_PYLIDC,1
f34edc0b6a42d0743f126f3ec5d9faeb6b9572d5f4646dc61c62adf38e05fa74,SOURCE_ANNOTATION_NOT_IN_PYLIDC,6
f3c317e6acf218ecf929e398d50da884f749944fc9dedbb4d34b2d0e33ff1ba9,SOURCE_ANNOTATION_NOT_IN_PYLIDC,4
f44a540e6a63475da04d60682dc489bda00d58e5af65e2399fd8ddc075d8125c,SOURCE_ANNOTATION_NOT_IN_PYLIDC,7
f46013f8fec9e42be978dd00a2cf4770746fce6d5fbd766cad86d90db1afea45,SOURCE_ANNOTATION_NOT_IN_PYLIDC,5
f4ba57913118099d9907fc202cf885b4b646b276f81c83afc2b8600e0156f18a,SOURCE_ANNOTATION_NOT_IN_PYLIDC,3
f50162ae7509114671a4940a3c52e391c09f4173ab4daaad54cb3eff92f844aa,SOURCE_ANNOTATION_NOT_IN_PYLIDC,58
f57f578fd3623a4978f19fcad3b27baa0eece97aa531c6a1b4199bf0955d6003,SOURCE_ANNOTATION_NOT_IN_PYLIDC,37
f5b42643d815f84e7ba734b0aea61d0ba7a22e3aac2cd667dacc495618550450,SOURCE_ANNOTATION_NOT_IN_PYLIDC,2
f5b9e58ce60c630aca5986c80f87aa7e411a5d1957abbe7b9e10fee632a28b90,SOURCE_ANNOTATION_NOT_IN_PYLIDC,20
f65b7cadc91b2f41909cbac0f8e0715801dc81848079d3634648d7efe91b47eb,SOURCE_ANNOTATION_NOT_IN_PYLIDC,32
f69fd9f50f069f3cb177b5026b52002bcb6073ce232c7ea4cc6bf25501210cb7,SOURCE_ANNOTATION_NOT_IN_PYLIDC,25
f73105389c8441d2b3d55762827e9bb91f3ea781edd36d87a24165794ba9128a,SOURCE_ANNOTATION_NOT_IN_PYLIDC,8
f7723a644fe76cbe2d4ccae1e553d7e69310a6dec1f57b5e04efb253d5e5cf6e,SOURCE_ANNOTATION_NOT_IN_PYLIDC,3
f78b2e278f5d320c46b5eaa6bed60843f3b671db3f35d984c3498576dbad1130,SOURCE_ANNOTATION_NOT_IN_PYLIDC,7
f7a36ffc18406bd67f4d9029a157cf1894b843fc25ae5b8605d9013e7cc0832f,SOURCE_ANNOTATION_NOT_IN_PYLIDC,2
f7d89a26d725f460997e746ce2d454cbe3890e7531195b39ecfa56bec5ebf784,SOURCE_ANNOTATION_NOT_IN_PYLIDC,6
f80a7084c1cc93d84cdbf59a255d57c46d5f8125729ced01b6ff0d6a527abbd6,SOURCE_ANNOTATION_NOT_IN_PYLIDC,22
f820d2d096741c3c78ec44ef8bd8e2fcd6939ac2c4dcb1163f56d043425278e4,SOURCE_ANNOTATION_NOT_IN_PYLIDC,20
f84a17135e8438d549958e7b368692d30e7d72f8c8709811a7f29ff53c201a9e,SOURCE_ANNOTATION_NOT_IN_PYLIDC,3
f8b050f89c4cb4cbbaab14f644f7cefce6006ecd3fd56516a3dd2da7a3398087,SOURCE_ANNOTATION_NOT_IN_PYLIDC,8
f959ff449da1f04998a236c71948aa4c8a4d4dcd90e49b70ca189719d33e4281,SOURCE_ANNOTATION_NOT_IN_PYLIDC,28
f96ca7d1e4717559d78a154298eaa930d4b6c28786d77b963662877326c00e44,SOURCE_ANNOTATION_NOT_IN_PYLIDC,8
f9d8e501bf099351ab27ea8c3946dbc6ef09940ef23bd86d3a5fa537f03ce9d3,SOURCE_ANNOTATION_NOT_IN_PYLIDC,24
f9d8fbf7b7851b92d278780ad7d7dc593fc5d8d4a2ef0a53209b8593c2eeff7a,SOURCE_ANNOTATION_NOT_IN_PYLIDC,8
f9dda7f2d3187e4849a32f130d356330bdb9f7cce991c8a39f7f6639c0f2b029,SOURCE_ANNOTATION_NOT_IN_PYLIDC,6
fa182cacbf0a1f2d1ac4333746a2873538be33f5d70b9bd6c95da8c2fc016534,SOURCE_ANNOTATION_NOT_IN_PYLIDC,2
fa4f8ea0e6d8ea563155089443d887efc6ccd1497383e6b0cee4fd6094f02999,SOURCE_ANNOTATION_NOT_IN_PYLIDC,9
faa6125ccf2ea048ca4f0b36d456eac3b33a58550e686b390590063eb7e45b5b,SOURCE_ANNOTATION_NOT_IN_PYLIDC,8
fac1da3da40e567719add4cf7abde50b908129a50160b7cf8333f786637bb6d0,SOURCE_ANNOTATION_NOT_IN_PYLIDC,17
fb3b90e474bb859b0a39d177fe1fb1c99f05b6a897cdc5611fdf800c8016d81f,SOURCE_ANNOTATION_NOT_IN_PYLIDC,4
fb6142846867d4dc969f53f50c1cb16c310a9ebedde88a5f0b667e67a4c49a5c,SOURCE_ANNOTATION_NOT_IN_PYLIDC,8
fb64749bb8702eabd12523f07bab8387227e780d2a55686059a389c9bbb16a79,SOURCE_ANNOTATION_NOT_IN_PYLIDC,1
fba0ab7a1eb1e5d8ef40cb81a30c002f5c94922cbb0a3d42087259c1b5b166a2,SOURCE_ANNOTATION_NOT_IN_PYLIDC,17
fbb6bfdf3fdb68494c180205b660a03f56281e1388df23c708f3ccb7712bd6e7,SOURCE_ANNOTATION_NOT_IN_PYLIDC,25
fbd4d9661a1cd236da5ec39d73ac7d07be67add4e17257c604ca7780139406a5,SOURCE_ANNOTATION_NOT_IN_PYLIDC,3
fbf059335b656869f176ae526dca66639b4f975f6659da4732633d55c7264854,SOURCE_ANNOTATION_NOT_IN_PYLIDC,11
fbfad69b3464e68aa43581c87a62e0463b77da4900e6bb36b7dfb97654f86e65,SOURCE_ANNOTATION_NOT_IN_PYLIDC,6
fc0b45b09287df3db3a3becce853620cfb589fa858140a8f20a53a739188bcce,SOURCE_ANNOTATION_NOT_IN_PYLIDC,5
fc1ed0276b524d00d3ffced058a552e4c0e71f8ab2c8f4af3c050c656440ce49,SOURCE_ANNOTATION_NOT_IN_PYLIDC,38
fca904492ababfa065cfde6b04b3dc306c362ed0894cc57a1e5bfcdf1a6c23d3,SOURCE_ANNOTATION_NOT_IN_PYLIDC,6
fcce91b50db01c6a9af7cfb944075e534f485c8cdb6dcbf47b3a4e3c2d582a41,SOURCE_ANNOTATION_NOT_IN_PYLIDC,6
fdcd5c4911e2e50f0e7c7ec764b50e4bfd1f109def2e8da8459e0c7469647d93,SOURCE_ANNOTATION_NOT_IN_PYLIDC,14
fdfb3f82c82ad4450e3e353d372d9c59e38a9b478604c1ea297e6573ff292a60,SOURCE_ANNOTATION_NOT_IN_PYLIDC,17
fe0c8920b087bb69980e2cb2b7b5d9588f165f0c774e47744fe8cedec9c4b94c,SOURCE_ANNOTATION_NOT_IN_PYLIDC,74
fe740fbf86327bd8995adbade5a7038926743477beadeb5f74a1e747c4ef2c3f,SOURCE_ANNOTATION_NOT_IN_PYLIDC,6
fe8cd3ec1641a733b10af93947c00453c35f4370e5d929f73b3a3f00eeced8ad,SOURCE_ANNOTATION_NOT_IN_PYLIDC,2
ff21d25d6d897396b7d6ab5890c3e1da394d3c0950aca8f4f920bdabd2010cbb,SOURCE_ANNOTATION_NOT_IN_PYLIDC,16
ff3cac66b40ac62086a21144d8847b1d50c44845186f4d2c83723cc35ae00beb,SOURCE_ANNOTATION_NOT_IN_PYLIDC,38
ff636c781ab453a60cdb9e6c5968453f1893996635bd7c063f72d2f21c43c787,SOURCE_ANNOTATION_NOT_IN_PYLIDC,29
ffd6762b14608d5ef722143aa85058d771575e28b6ebc40ddc9654966a189bf6,SOURCE_ANNOTATION_NOT_IN_PYLIDC,25
