model,scope,fold,target,quantity,sample_count,saliency_mean,saliency_sd,saliency_median,saliency_minus_random_mean,saliency_greater_than_random_rate
Black-box,fold_target,0,malignancy,output_sensitivity,479,0.01762517406712121,0.026107366039385165,0.008107781410217285,-0.3182897109196119,0.0020876826722338203
Black-box,fold_target,0,malignancy,error_increase,479,0.0034297609231230615,0.030732647924203837,0.0,-0.208902181209264,0.18580375782881003
Black-box,fold_target,1,malignancy,output_sensitivity,502,0.03239127494806639,0.03687086014185192,0.021201595664024353,-0.46778967181949754,0.00199203187250996
Black-box,fold_target,1,malignancy,error_increase,502,-0.0005316646391795482,0.04212206413486232,0.0,-0.37514870218134266,0.09561752988047809
Black-box,fold_target,2,malignancy,output_sensitivity,539,0.025781829969297423,0.021915117657623807,0.02031804621219635,-0.2767707614701566,0.00927643784786642
Black-box,fold_target,2,malignancy,error_increase,539,0.005380826874940795,0.03197484425927864,0.003111600875854492,-0.1983717019518235,0.14842300556586271
Black-box,fold_target,3,malignancy,output_sensitivity,448,0.029499887260109454,0.027502846577472373,0.02111414074897766,-0.264431246409991,0.017857142857142856
Black-box,fold_target,3,malignancy,error_increase,448,0.005560645316672025,0.03658140072749214,0.0021274983882904053,-0.19767704757507001,0.13616071428571427
Black-box,fold_target,4,malignancy,output_sensitivity,461,0.020152094242629672,0.018632731940317702,0.015133202075958252,-0.2787174963802423,0.013015184381778741
Black-box,fold_target,4,malignancy,error_increase,461,0.00043867120084259203,0.02624399899147125,0.0002651214599609375,-0.19070821111713382,0.1561822125813449
Black-box,pooled_target,,malignancy,output_sensitivity,2429,0.025156586946855915,0.027525741510950687,0.017182469367980957,-0.3225296794727311,0.008645533141210375
Black-box,pooled_target,,malignancy,error_increase,2429,0.0028693380174386186,0.034112373915857266,0.0,-0.23540014132767986,0.1440922190201729
Black-box,pooled_model,,ALL,output_sensitivity,2429,0.025156586946855915,0.027525741510950687,0.017182469367980957,-0.3225296794727311,0.008645533141210375
Black-box,pooled_model,,ALL,error_increase,2429,0.0028693380174386186,0.034112373915857266,0.0,-0.23540014132767986,0.1440922190201729
Standard CBM,fold_target,0,calcification,output_sensitivity,183,0.09034423977950883,0.11080519696040278,0.04752922058105469,-0.5499493639783862,0.0546448087431694
Standard CBM,fold_target,0,calcification,error_increase,183,-0.016478361002083032,0.14086692794626587,-0.01177835464477539,0.46999115975699196,0.9344262295081968
Standard CBM,fold_target,0,internalStructure,output_sensitivity,382,0.18626768988464515,0.14109832244464357,0.15686285495758057,-0.7492467089317232,0.06544502617801047
Standard CBM,fold_target,0,internalStructure,error_increase,382,-0.1636875480881536,0.1667656304294843,-0.14846885204315186,0.5611936233898732,0.7801047120418848
Standard CBM,fold_target,0,lobulation,output_sensitivity,479,0.1948344223901225,0.16794352928642337,0.16414666175842285,-1.1012581521337987,0.008350730688935281
Standard CBM,fold_target,0,lobulation,error_increase,479,-0.1889727084677752,0.17451302711151867,-0.16414666175842285,1.0996588249153554,0.9791231732776617
Standard CBM,fold_target,0,malignancy,output_sensitivity,424,0.011102461695389927,0.009530860778222185,0.00888243317604065,-0.15220036898511197,0.014150943396226415
Standard CBM,fold_target,0,malignancy,error_increase,424,0.001213064956121476,0.014184625088331926,0.00048279762268066406,-0.08839303515382907,0.2806603773584906
Standard CBM,fold_target,0,margin,output_sensitivity,479,0.1748825837323337,0.16050018482222483,0.13660049438476562,-1.1127221983599287,0.025052192066805846
Standard CBM,fold_target,0,margin,error_increase,479,-0.08030450216798461,0.21015870956449698,-0.06185197830200195,-0.5134129892733107,0.2546972860125261
Standard CBM,fold_target,0,sphericity,output_sensitivity,479,0.06228406995239363,0.09817965924665632,0.016519784927368164,-0.596672498192327,0.008350730688935281
Standard CBM,fold_target,0,sphericity,error_increase,479,-0.043590073373295735,0.1026614419682011,-0.004079103469848633,-0.22609521929238174,0.2755741127348643
Standard CBM,fold_target,0,spiculation,output_sensitivity,433,0.2724155010590997,0.25896178916300405,0.17866206169128418,-1.4999929212927834,0.006928406466512702
Standard CBM,fold_target,0,spiculation,error_increase,433,-0.2671377280421607,0.264310117196084,-0.17866206169128418,1.3175213003069783,0.9653579676674365
Standard CBM,fold_target,0,subtlety,output_sensitivity,479,0.09676597460653313,0.11525165756869413,0.05200934410095215,-1.1689695264121405,0.006263048016701462
Standard CBM,fold_target,0,subtlety,error_increase,479,0.01921528805029127,0.13424334282434444,0.0,-0.8585785947929324,0.20250521920668058
Standard CBM,fold_target,0,texture,output_sensitivity,479,0.11106110234319044,0.16306095757955463,0.041622161865234375,-0.8737495321283186,0.054279749478079335
Standard CBM,fold_target,0,texture,error_increase,479,-0.037936806740989766,0.19047242771159156,-0.0004367828369140625,-0.15748106405460105,0.5031315240083507
Standard CBM,fold_target,1,calcification,output_sensitivity,309,0.10233880420332973,0.1263500339962464,0.04967164993286133,-1.0123881366622294,0.0970873786407767
Standard CBM,fold_target,1,calcification,error_increase,309,0.003072211850422486,0.16121999888828498,0.004140377044677734,-0.08618410343250024,0.6504854368932039
Standard CBM,fold_target,1,internalStructure,output_sensitivity,501,0.15015162227158538,0.15504987810756707,0.09618830680847168,-0.8054733214977972,0.08183632734530938
Standard CBM,fold_target,1,internalStructure,error_increase,501,-0.11396844967634616,0.18329529958602434,-0.06415867805480957,0.4190225884348094,0.6586826347305389
Standard CBM,fold_target,1,lobulation,output_sensitivity,502,0.233326268163454,0.23551356685914768,0.1483687460422516,-1.7403623762406941,0.00398406374501992
Standard CBM,fold_target,1,lobulation,error_increase,502,-0.21364686414005746,0.2535010947371275,-0.13780856132507324,1.4582056667778152,0.9860557768924303
Standard CBM,fold_target,1,malignancy,output_sensitivity,423,0.013532048192570959,0.014084576162616436,0.009829342365264893,-0.26849028501950256,0.0
Standard CBM,fold_target,1,malignancy,error_increase,423,0.0010128332180146444,0.01931966807442255,3.504753112792969e-05,-0.1713040251458039,0.24349881796690306
Standard CBM,fold_target,1,margin,output_sensitivity,502,0.24692720648613703,0.2074560100637234,0.20744401216506958,-1.3069478536278856,0.00597609561752988
Standard CBM,fold_target,1,margin,error_increase,502,-0.11784135936765595,0.2830393309345994,-0.07055485248565674,-0.36801171353659473,0.31274900398406374
Standard CBM,fold_target,1,sphericity,output_sensitivity,501,0.12117889887484129,0.11515374767183184,0.08814585208892822,-0.4462395309448287,0.04590818363273453
Standard CBM,fold_target,1,sphericity,error_increase,501,-0.0664363660461115,0.1405034526738416,-0.0344277024269104,0.027436493975448055,0.4431137724550898
Standard CBM,fold_target,1,spiculation,output_sensitivity,500,0.2105398484552279,0.20976790403887127,0.12805533409118652,-2.324074873713404,0.0
Standard CBM,fold_target,1,spiculation,error_increase,500,-0.19716216192487626,0.22238858616736676,-0.12405312061309814,1.6075687423114975,0.964
Standard CBM,fold_target,1,subtlety,output_sensitivity,478,0.0956305208534127,0.102315657529058,0.06448674201965332,-1.6894361196154004,0.0020920502092050207
Standard CBM,fold_target,1,subtlety,error_increase,478,0.015199864966433751,0.12574872638882054,0.0007953047752380371,-1.382684669272995,0.1506276150627615
Standard CBM,fold_target,1,texture,output_sensitivity,502,0.22087719267701722,0.19808461772551822,0.16732537746429443,-0.7530421097373285,0.09362549800796813
Standard CBM,fold_target,1,texture,error_increase,502,-0.10163686713414045,0.26823418548974354,-0.10051262378692627,-0.26889908401490964,0.42231075697211157
Standard CBM,fold_target,2,calcification,output_sensitivity,493,0.23967713060171078,0.29436453531448314,0.1313924789428711,-1.0231755621083323,0.1359026369168357
Standard CBM,fold_target,2,calcification,error_increase,493,0.178466408689172,0.3339026509933928,0.0939035415649414,0.931909907031225,0.7870182555780934
Standard CBM,fold_target,2,internalStructure,output_sensitivity,530,0.17509293286305552,0.15988130750668864,0.13752329349517822,-1.1123815343458696,0.09811320754716982
Standard CBM,fold_target,2,internalStructure,error_increase,530,0.06677790047987452,0.22750885617077585,0.04765677452087402,-0.16222590756303856,0.5490566037735849
Standard CBM,fold_target,2,lobulation,output_sensitivity,452,0.15437619357814897,0.17691426290302464,0.10086429119110107,-1.2823918156494774,0.01991150442477876
Standard CBM,fold_target,2,lobulation,error_increase,452,-0.13984185665540924,0.18860375500137846,-0.08855873346328735,1.200946957256046,0.9292035398230089
Standard CBM,fold_target,2,malignancy,output_sensitivity,456,0.021610463250493796,0.02296690104868273,0.015444241464138031,-0.21989976835290068,0.006578947368421052
Standard CBM,fold_target,2,malignancy,error_increase,456,0.00442017020646766,0.028782529433852577,7.283687591552734e-05,-0.14655820692600735,0.19736842105263158
Standard CBM,fold_target,2,margin,output_sensitivity,529,0.1580053255303511,0.1748840738633394,0.10326099395751953,-0.9484180407093341,0.05671077504725898
Standard CBM,fold_target,2,margin,error_increase,529,-0.013913811756052644,0.21581729185407597,-0.0025137662887573242,-0.43339970995371,0.34782608695652173
Standard CBM,fold_target,2,sphericity,output_sensitivity,538,0.0899434109602719,0.09715991402297618,0.05983459949493408,-0.37670378530031023,0.10966542750929369
Standard CBM,fold_target,2,sphericity,error_increase,538,-0.04097038913227369,0.12117713229077368,-0.014070101082324982,-0.05508932030980178,0.48141263940520446
Standard CBM,fold_target,2,spiculation,output_sensitivity,530,0.24873728888847355,0.19479703474852286,0.21653735637664795,-2.121975345294923,0.0018867924528301887
Standard CBM,fold_target,2,spiculation,error_increase,530,-0.23250768480927878,0.21295417751711018,-0.2055225968360901,1.4583518186049924,0.9358490566037736
Standard CBM,fold_target,2,subtlety,output_sensitivity,534,0.21865526790824835,0.23525444863889125,0.13314610719680786,-2.3129462755867713,0.018726591760299626
Standard CBM,fold_target,2,subtlety,error_increase,534,0.013697587261755443,0.2610867583630186,0.0,-1.969580780703821,0.14606741573033707
Standard CBM,fold_target,2,texture,output_sensitivity,529,0.24332583461851162,0.27007045578517963,0.1470963954925537,-1.767524551719582,0.054820415879017016
Standard CBM,fold_target,2,texture,error_increase,529,-0.05666655810020522,0.3329710796570388,-0.014998316764831543,-1.4924328994840996,0.21550094517958412
Standard CBM,fold_target,3,calcification,output_sensitivity,548,0.09076566249132156,0.08732510812009314,0.07012903690338135,-1.1445523179144503,0.040145985401459854
Standard CBM,fold_target,3,calcification,error_increase,548,0.016316991924804493,0.12384769843938288,0.02269303798675537,0.7107320391782261,0.843065693430657
Standard CBM,fold_target,3,internalStructure,output_sensitivity,538,0.11027058770665449,0.08503358045159101,0.09364032745361328,-1.0258516210494877,0.02973977695167286
Standard CBM,fold_target,3,internalStructure,error_increase,538,-0.10442859421875397,0.09211395674425785,-0.09182190895080566,0.8696869764961717,0.8847583643122676
Standard CBM,fold_target,3,lobulation,output_sensitivity,549,0.22879840697557113,0.20784452235688852,0.1846989393234253,-1.262366211453524,0.0
Standard CBM,fold_target,3,lobulation,error_increase,549,-0.22571088368911127,0.21119340305180628,-0.1846989393234253,1.2650394378547203,0.9981785063752276
Standard CBM,fold_target,3,malignancy,output_sensitivity,535,0.024141189038196457,0.022137382626799353,0.01680949330329895,-0.2877850595186247,0.005607476635514018
Standard CBM,fold_target,3,malignancy,error_increase,535,0.003958618009573204,0.030700818974303615,0.0010889768600463867,-0.19834168219724177,0.16448598130841122
Standard CBM,fold_target,3,margin,output_sensitivity,549,0.16186000688683466,0.13537201095767754,0.13725334405899048,-0.7499950653016703,0.023679417122040074
Standard CBM,fold_target,3,margin,error_increase,549,-0.09233060389028837,0.18185770395568235,-0.08929372578859329,-0.07032106421982873,0.46265938069216755
Standard CBM,fold_target,3,sphericity,output_sensitivity,549,0.17164853767225544,0.12439891549563498,0.15910804271697998,-0.8301589023869803,0.0036429872495446266
Standard CBM,fold_target,3,sphericity,error_increase,549,-0.10520557690870964,0.16839766153595387,-0.09830713272094727,-0.47636510581982566,0.09836065573770492
Standard CBM,fold_target,3,spiculation,output_sensitivity,549,0.18556085074887033,0.18996782140821433,0.11707371473312378,-2.0254595384687075,0.0
Standard CBM,fold_target,3,spiculation,error_increase,549,-0.17598373066287876,0.19887264528638193,-0.11111688613891602,1.7306155464624953,0.9836065573770492
Standard CBM,fold_target,3,subtlety,output_sensitivity,522,0.14043564008820045,0.1185396699332284,0.11836718022823334,-2.069045800804535,0.009578544061302681
Standard CBM,fold_target,3,subtlety,error_increase,522,0.03848283562040858,0.16177949138267114,0.026723500341176987,-1.900656381667274,0.05747126436781609
Standard CBM,fold_target,3,texture,output_sensitivity,549,0.19689078087526593,0.18066602955944314,0.15033769607543945,-0.5645835226920785,0.1621129326047359
Standard CBM,fold_target,3,texture,error_increase,549,-0.07246034618627686,0.24620164312640833,-0.0644683837890625,-0.4285860540559058,0.28415300546448086
Standard CBM,fold_target,4,calcification,output_sensitivity,405,0.22274444119797812,0.2897375617407459,0.11545276641845703,-0.8641867345810672,0.1037037037037037
Standard CBM,fold_target,4,calcification,error_increase,405,0.040791886106685354,0.36155052597485104,0.0,0.5770110428314885,0.7728395061728395
Standard CBM,fold_target,4,internalStructure,output_sensitivity,555,0.11902370925422187,0.12436685896546629,0.07896852493286133,-1.1712667419781555,0.02882882882882883
Standard CBM,fold_target,4,internalStructure,error_increase,555,-0.03497422235506075,0.16855433172786896,-0.011364936828613281,1.1459628795825683,0.8954954954954955
Standard CBM,fold_target,4,lobulation,output_sensitivity,563,0.14042972143719612,0.1406269729062216,0.0915977954864502,-0.9551543014957761,0.0017761989342806395
Standard CBM,fold_target,4,lobulation,error_increase,563,-0.1347875947274969,0.14604368003878745,-0.09113717079162598,0.949485397178298,0.9964476021314387
Standard CBM,fold_target,4,malignancy,output_sensitivity,560,0.019145900702902247,0.022112540755372886,0.01230388879776001,-0.16067908490874938,0.0
Standard CBM,fold_target,4,malignancy,error_increase,560,0.003013813194064868,0.026570191080034,0.0011913776397705078,-0.09428101087077742,0.2571428571428571
Standard CBM,fold_target,4,margin,output_sensitivity,564,0.14807749308764617,0.16449097891038497,0.09265394508838654,-1.034388468795248,0.015957446808510637
Standard CBM,fold_target,4,margin,error_increase,564,-0.11759688315283391,0.18299573078377715,-0.05576157569885254,-0.25063843570226346,0.34397163120567376
Standard CBM,fold_target,4,sphericity,output_sensitivity,564,0.11940173080838318,0.129225633131917,0.07220929861068726,-0.28953988730943764,0.09042553191489362
Standard CBM,fold_target,4,sphericity,error_increase,564,-0.08195220763810489,0.14901754698874142,-0.035928934812545776,0.06527101256335309,0.5904255319148937
Standard CBM,fold_target,4,spiculation,output_sensitivity,564,0.13548330078231738,0.13587122139162577,0.09718620777130127,-1.6390616173320944,0.0
Standard CBM,fold_target,4,spiculation,error_increase,564,-0.13001733824795653,0.14110723311983273,-0.09681999683380127,1.3292648598051962,0.9822695035460993
Standard CBM,fold_target,4,subtlety,output_sensitivity,563,0.08964018238506563,0.09967771789303274,0.05954575538635254,-1.0808316035631242,0.021314387211367674
Standard CBM,fold_target,4,subtlety,error_increase,563,0.0077689936447418815,0.12683400966624123,0.0,-0.871689163716295,0.1882770870337478
Standard CBM,fold_target,4,texture,output_sensitivity,561,0.2113664828161186,0.19147479671320825,0.15320199728012085,-0.7460305321898557,0.0944741532976827
Standard CBM,fold_target,4,texture,error_increase,561,-0.11149423546641976,0.2556552113127209,-0.10312938690185547,-0.20418068468559641,0.42245989304812837
Standard CBM,pooled_target,,calcification,output_sensitivity,1938,0.1580328139811908,0.2241081564800619,0.0841822624206543,-0.9778661081932571,0.08823529411764706
Standard CBM,pooled_target,,calcification,error_increase,1938,0.05747169160483053,0.2669900338554057,0.017374277114868164,0.5892568154064508,0.7920536635706914
Standard CBM,pooled_target,,internalStructure,output_sensitivity,2506,0.14547614107489681,0.1381647695979631,0.10557210445404053,-0.9901347980878399,0.05985634477254589
Standard CBM,pooled_target,,internalStructure,error_increase,2506,-0.06377806324817996,0.19022399908637358,-0.05110597610473633,0.5755097930788614,0.7549880287310455
Standard CBM,pooled_target,,lobulation,output_sensitivity,2545,0.19053272025107107,0.19227518475457897,0.13085603713989258,-1.2619240040269502,0.006286836935166994
Standard CBM,pooled_target,,lobulation,error_increase,2545,-0.1810522056343894,0.20122607563827452,-0.1271352767944336,1.1908254524676913,0.9795677799607073
Standard CBM,pooled_target,,malignancy,output_sensitivity,2398,0.018316560431855037,0.019947751427795413,0.012075632810592651,-0.2178164869779915,0.0050041701417848205
Standard CBM,pooled_target,,malignancy,error_increase,2398,0.0028206679026534375,0.025217357436989954,0.0007414370775222778,-0.13998371891714662,0.2268557130942452
Standard CBM,pooled_target,,margin,output_sensitivity,2623,0.17677769056488335,0.17320473122522942,0.12598073482513428,-1.0239943905154323,0.025543271063667557
Standard CBM,pooled_target,,margin,error_increase,2623,-0.08463468127866809,0.21996095860451742,-0.051030755043029785,-0.3202064394264436,0.34731223789553944
Standard CBM,pooled_target,,sphericity,output_sensitivity,2631,0.11421964131437273,0.11972465101425532,0.07277750968933105,-0.5059279749076495,0.05283162295705055
Standard CBM,pooled_target,,sphericity,error_increase,2631,-0.06848545827398196,0.14123336984893936,-0.023468539118766785,-0.13261253245738422,0.38008361839604715
Standard CBM,pooled_target,,spiculation,output_sensitivity,2576,0.20704273602463194,0.20408645517364948,0.13696134090423584,-1.9303530060471308,0.0015527950310559005
Standard CBM,pooled_target,,spiculation,error_increase,2576,-0.19698200196404478,0.21359756248606473,-0.13238465785980225,1.4934048423863961,0.9666149068322981
Standard CBM,pooled_target,,subtlety,output_sensitivity,2576,0.12911453054204108,0.15275925438520618,0.07694768905639648,-1.6658192081975616,0.01203416149068323
Standard CBM,pooled_target,,subtlety,error_increase,2576,0.018729096911360717,0.17131365076225766,0.001070559024810791,-1.400171656101218,0.1486801242236025
Standard CBM,pooled_target,,texture,output_sensitivity,2620,0.1982700842823691,0.20911977163777037,0.1314181685447693,-0.9389515783792834,0.09312977099236641
Standard CBM,pooled_target,,texture,error_increase,2620,-0.07690803172450712,0.26502514351351536,-0.04928851127624512,-0.515174382240473,0.366412213740458
Standard CBM,pooled_model,,ALL,output_sensitivity,22413,0.14943417597506642,0.1774046716958426,0.0856165885925293,-1.0641649665489012,0.037210547450140546
Standard CBM,pooled_model,,ALL,error_increase,22413,-0.06983991996276497,0.2141792168942908,-0.02446126937866211,0.13299352211528692,0.5446838888145272
Mixed-type CEM,fold_target,0,calcification,output_sensitivity,356,0.09342726700928773,0.11761920401847581,0.05323994159698486,-1.02530187025007,0.0056179775280898875
Mixed-type CEM,fold_target,0,calcification,error_increase,356,-0.007184683858008867,0.1500377009042229,0.017987608909606934,0.1904633994784541,0.7078651685393258
Mixed-type CEM,fold_target,0,internalStructure,output_sensitivity,170,0.0817669202299679,0.0907099856719542,0.04813188314437866,-0.3708723795413971,0.11176470588235295
Mixed-type CEM,fold_target,0,internalStructure,error_increase,170,-0.0732034255476559,0.09775167125215235,-0.0456080436706543,-0.19479732232935287,0.5352941176470588
Mixed-type CEM,fold_target,0,lobulation,output_sensitivity,478,0.07446912697917747,0.07987517402626784,0.05843120813369751,-0.5809986941376116,0.02510460251046025
Mixed-type CEM,fold_target,0,lobulation,error_increase,478,-0.07365682041545293,0.08062485413973253,-0.05843120813369751,0.5587288593164174,0.9309623430962343
Mixed-type CEM,fold_target,0,malignancy,output_sensitivity,102,0.015160385062735454,0.0168231167692637,0.008797496557235718,-0.19231809544943132,0.0392156862745098
Mixed-type CEM,fold_target,0,malignancy,error_increase,102,-0.0013825211345272906,0.021813235597469262,-0.001720275729894638,-0.10154194927780455,0.3431372549019608
Mixed-type CEM,fold_target,0,margin,output_sensitivity,479,0.13424495406378847,0.12500405317590296,0.10350492596626282,-0.850945351816741,0.12526096033402923
Mixed-type CEM,fold_target,0,margin,error_increase,479,-0.05220850542117696,0.1551212865595093,-0.026797771453857422,-0.9291127988321042,0.21920668058455114
Mixed-type CEM,fold_target,0,sphericity,output_sensitivity,479,0.03972896672240876,0.04275743818982467,0.026051878929138184,-0.4115360079780377,0.029227557411273485
Mixed-type CEM,fold_target,0,sphericity,error_increase,479,-0.0015109290492642475,0.051176391496573784,0.0,-0.24987200490440772,0.25260960334029225
Mixed-type CEM,fold_target,0,spiculation,output_sensitivity,479,0.09705400865112815,0.08059657619669457,0.08049666881561279,-0.534900394405602,0.0709812108559499
Mixed-type CEM,fold_target,0,spiculation,error_increase,479,-0.09430742014922777,0.08379378971427344,-0.07971954345703125,0.17102334736408917,0.7244258872651357
Mixed-type CEM,fold_target,0,subtlety,output_sensitivity,456,0.023168475906315603,0.02564401262196938,0.016284018754959106,-0.39379619046588216,0.008771929824561403
Mixed-type CEM,fold_target,0,subtlety,error_increase,456,-0.004480155032367734,0.03334876608641011,-0.0015870332717895508,-0.20890302829204768,0.40131578947368424
Mixed-type CEM,fold_target,0,texture,output_sensitivity,475,0.018903069496154785,0.02026937751988031,0.013575077056884766,-0.2823518699219353,0.05473684210526316
Mixed-type CEM,fold_target,0,texture,error_increase,475,0.006716012954711914,0.0241962763229878,0.005673408508300781,-0.15914575180672763,0.4189473684210526
Mixed-type CEM,fold_target,1,calcification,output_sensitivity,202,0.033698739170437995,0.04607254653537534,0.015195012092590332,-0.10374867904857538,0.11386138613861387
Mixed-type CEM,fold_target,1,calcification,error_increase,202,0.005647860910042678,0.05680128724837448,0.0018067508935928345,-0.03469531469526562,0.43564356435643564
Mixed-type CEM,fold_target,1,internalStructure,output_sensitivity,499,0.011110864684194744,0.010819509300209116,0.008144676685333252,-0.05145233495679791,0.09819639278557114
Mixed-type CEM,fold_target,1,internalStructure,error_increase,499,0.0026847137239031896,0.015274338209836896,0.0005216598510742188,0.008720452632598266,0.4168336673346693
Mixed-type CEM,fold_target,1,lobulation,output_sensitivity,502,0.0526173209764093,0.04730156851420501,0.0424039363861084,-0.2788388961043016,0.04780876494023904
Mixed-type CEM,fold_target,1,lobulation,error_increase,502,-0.05143599609929727,0.04858352761905613,-0.0424039363861084,0.2469734152890297,0.8705179282868526
Mixed-type CEM,fold_target,1,malignancy,output_sensitivity,318,0.03056985449116185,0.021720649355897594,0.02646179497241974,-0.41760801946592035,0.0
Mixed-type CEM,fold_target,1,malignancy,error_increase,318,0.007872969693107926,0.03495674780042283,0.00660744309425354,-0.3551153575411882,0.07547169811320754
Mixed-type CEM,fold_target,1,margin,output_sensitivity,501,0.00858056087217883,0.006932004118745119,0.007614403963088989,-0.14053315204715064,0.0
Mixed-type CEM,fold_target,1,margin,error_increase,501,0.0020922122006406803,0.010827108342323982,0.002868175506591797,0.12400971742586063,0.8782435129740519
Mixed-type CEM,fold_target,1,sphericity,output_sensitivity,497,0.01034364851577661,0.010699337438943357,0.007741264998912811,-0.09010941573161954,0.03621730382293763
Mixed-type CEM,fold_target,1,sphericity,error_increase,497,-0.00010222668049321089,0.014881412431489759,-0.0032709091901779175,0.09418541809292867,0.9537223340040242
Mixed-type CEM,fold_target,1,spiculation,output_sensitivity,502,0.03261175894167319,0.04892273241577867,0.013285398483276367,-0.2628236438233064,0.04780876494023904
Mixed-type CEM,fold_target,1,spiculation,error_increase,502,-0.030255965383879216,0.05041366012287925,-0.010861992835998535,0.21475830144022567,0.8725099601593626
Mixed-type CEM,fold_target,1,subtlety,output_sensitivity,488,0.05121404640987271,0.036785263815036044,0.04814198613166809,-0.29512258197074054,0.0020491803278688526
Mixed-type CEM,fold_target,1,subtlety,error_increase,488,-0.0204146990929145,0.05665776725595186,-0.023476004600524902,-0.03833185336832466,0.4774590163934426
Mixed-type CEM,fold_target,1,texture,output_sensitivity,483,0.02192032818468461,0.021999814162530686,0.015250325202941895,-0.223288646044198,0.008281573498964804
Mixed-type CEM,fold_target,1,texture,error_increase,483,0.0006622904082509548,0.028478754641628905,0.003203272819519043,-0.04593226038192041,0.5217391304347826
Mixed-type CEM,fold_target,2,calcification,output_sensitivity,509,0.0665807610556981,0.10101192034518537,0.024953842163085938,-0.6993628141322046,0.005893909626719057
Mixed-type CEM,fold_target,2,calcification,error_increase,509,-0.006892850933585513,0.11083295590955068,0.0,-0.21887796874198948,0.44597249508840864
Mixed-type CEM,fold_target,2,internalStructure,output_sensitivity,362,0.10411133757118363,0.10312044004174965,0.07346326112747192,-0.15087747317404376,0.11602209944751381
Mixed-type CEM,fold_target,2,internalStructure,error_increase,362,0.10165380563031244,0.1055438277027117,0.07310992479324341,-0.10023664501572842,0.36187845303867405
Mixed-type CEM,fold_target,2,lobulation,output_sensitivity,405,0.01776524899918356,0.0240395723605245,0.00916677713394165,-0.1535725031958686,0.07160493827160494
Mixed-type CEM,fold_target,2,lobulation,error_increase,405,-0.014783865875667997,0.02597965398249456,-0.006843686103820801,0.03563090923391742,0.7012345679012346
Mixed-type CEM,fold_target,2,malignancy,output_sensitivity,213,0.023393434555457792,0.02551183458954107,0.015065312385559082,-0.2039003256690894,0.009389671361502348
Mixed-type CEM,fold_target,2,malignancy,error_increase,213,0.005297720624667378,0.032806701038382846,0.0006787776947021484,-0.14970827078175658,0.215962441314554
Mixed-type CEM,fold_target,2,margin,output_sensitivity,539,0.015011501016444311,0.014795287262427362,0.011172950267791748,-0.04664767767909175,0.12059369202226346
Mixed-type CEM,fold_target,2,margin,error_increase,539,-0.0022472889198885317,0.020956988821273923,0.0,0.0043559932718416315,0.5435992578849722
Mixed-type CEM,fold_target,2,sphericity,output_sensitivity,538,0.028842398169758594,0.029510877629927785,0.01914873719215393,-0.1877854284826929,0.07063197026022305
Mixed-type CEM,fold_target,2,sphericity,error_increase,538,0.01493162106921091,0.037143405646968206,0.009512633085250854,-0.043484687809792,0.3847583643122677
Mixed-type CEM,fold_target,2,spiculation,output_sensitivity,539,0.04225621783003515,0.05739305504312057,0.0172884464263916,-0.44540201773891197,0.027829313543599257
Mixed-type CEM,fold_target,2,spiculation,error_increase,539,-0.035510714841464015,0.06179433504723775,-0.01144629716873169,0.3828972383200127,0.8905380333951762
Mixed-type CEM,fold_target,2,subtlety,output_sensitivity,538,0.04237461572021357,0.03704935191340194,0.032517075538635254,-0.9670131977993758,0.0
Mixed-type CEM,fold_target,2,subtlety,error_increase,538,0.0023615312805258504,0.05388553975082119,-0.00104580819606781,-0.7486338558416383,0.06691449814126393
Mixed-type CEM,fold_target,2,texture,output_sensitivity,539,0.030631155052078897,0.03749430314125921,0.014955997467041016,-0.36353616050422083,0.04638218923933209
Mixed-type CEM,fold_target,2,texture,error_increase,539,-0.021894674907146448,0.04263577542889735,-0.010639190673828125,-0.3829151490900202,0.23376623376623376
Mixed-type CEM,fold_target,3,calcification,output_sensitivity,481,0.05352520000909817,0.05819176888166999,0.03646421432495117,-0.24177842061393534,0.12474012474012475
Mixed-type CEM,fold_target,3,calcification,error_increase,481,-0.019964766023230076,0.07620920860157737,-0.011827588081359863,-0.2477412476819409,0.09147609147609148
Mixed-type CEM,fold_target,3,internalStructure,output_sensitivity,549,0.05607138261986126,0.04090103583494567,0.05433917045593262,-0.21051215755266353,0.30965391621129323
Mixed-type CEM,fold_target,3,internalStructure,error_increase,549,-0.05292635797802868,0.04489649554760315,-0.05315291881561279,-0.28569759557155966,0.1111111111111111
Mixed-type CEM,fold_target,3,lobulation,output_sensitivity,537,0.08631944401082157,0.07953932466737226,0.06892681121826172,-0.5084846615957815,0.0297951582867784
Mixed-type CEM,fold_target,3,lobulation,error_increase,537,-0.08612400892726536,0.07975089760733313,-0.06892681121826172,0.44829203261676454,0.888268156424581
Mixed-type CEM,fold_target,3,malignancy,output_sensitivity,431,0.028556733031318525,0.025136447002212042,0.022362500429153442,-0.30664308901936715,0.004640371229698376
Mixed-type CEM,fold_target,3,malignancy,error_increase,431,0.004087513082207678,0.037141947155125477,0.0015281438827514648,-0.2259721376906507,0.1716937354988399
Mixed-type CEM,fold_target,3,margin,output_sensitivity,549,0.04589762067751372,0.05353804295836299,0.026375889778137207,-0.31930195547518186,0.122040072859745
Mixed-type CEM,fold_target,3,margin,error_increase,549,-0.011015628476394765,0.06406597800794807,-0.0018070340156555176,-0.30417048706202054,0.19489981785063754
Mixed-type CEM,fold_target,3,sphericity,output_sensitivity,548,0.01399281558437939,0.014887485946774059,0.008629821240901947,-0.07964756806877298,0.05656934306569343
Mixed-type CEM,fold_target,3,sphericity,error_increase,548,-0.00837080303008539,0.018637751538888997,-0.005285568535327911,-0.10176092223026348,0.0036496350364963502
Mixed-type CEM,fold_target,3,spiculation,output_sensitivity,549,0.0657680619826951,0.051146229161722,0.05756068229675293,-0.32393578227697606,0.029143897996357013
Mixed-type CEM,fold_target,3,spiculation,error_increase,549,-0.06521827025925961,0.05184546227793883,-0.05756068229675293,0.30206702531524043,0.9180327868852459
Mixed-type CEM,fold_target,3,subtlety,output_sensitivity,549,0.020740917743012337,0.025578586691981396,0.011439621448516846,-0.09448746907200752,0.1384335154826958
Mixed-type CEM,fold_target,3,subtlety,error_increase,549,0.006648634138003073,0.030047576658663002,0.00019931793212890625,-0.030950399094193944,0.44990892531876137
Mixed-type CEM,fold_target,3,texture,output_sensitivity,542,0.023537225388952726,0.02687140574660821,0.015544414520263672,-0.091906590748757,0.11070110701107011
Mixed-type CEM,fold_target,3,texture,error_increase,542,0.015421696364659666,0.0304449679038172,0.010695099830627441,-0.052470077755706335,0.26199261992619927
Mixed-type CEM,fold_target,4,calcification,output_sensitivity,368,0.2642556166519289,0.3135351905177884,0.13201427459716797,-1.230852925469694,0.010869565217391304
Mixed-type CEM,fold_target,4,calcification,error_increase,368,-0.17277952996285065,0.3718636586854562,-0.07340621948242188,1.1378502814828053,0.9130434782608695
Mixed-type CEM,fold_target,4,internalStructure,output_sensitivity,167,0.09633386706163784,0.13015414718243082,0.04196977615356445,-0.9684090687129314,0.08982035928143713
Mixed-type CEM,fold_target,4,internalStructure,error_increase,167,-0.009544971460353829,0.16164532004254314,-4.7206878662109375e-05,-1.0646173969714228,0.023952095808383235
Mixed-type CEM,fold_target,4,lobulation,output_sensitivity,564,0.17369257674572317,0.11385935956849348,0.17016303539276123,-0.46424435348586834,0.028368794326241134
Mixed-type CEM,fold_target,4,lobulation,error_increase,564,-0.171893724630065,0.11655733529349324,-0.17016303539276123,0.40071166687189264,0.8936170212765957
Mixed-type CEM,fold_target,4,malignancy,output_sensitivity,203,0.023995578509246187,0.025458687404084402,0.01616266369819641,-0.37164767289837003,0.0049261083743842365
Mixed-type CEM,fold_target,4,malignancy,error_increase,203,0.006463997078255087,0.03208308282645507,0.0053796470165252686,-0.29657802508627057,0.07881773399014778
Mixed-type CEM,fold_target,4,margin,output_sensitivity,558,0.03442117761433338,0.02863981302513687,0.028956174850463867,-0.36393351333689844,0.010752688172043012
Mixed-type CEM,fold_target,4,margin,error_increase,558,0.027086239944578212,0.03527991049820732,0.02591344714164734,-0.3263198142332718,0.08422939068100359
Mixed-type CEM,fold_target,4,sphericity,output_sensitivity,384,0.054621358712514244,0.040760950840804756,0.04907834529876709,-0.2464327291585505,0.0546875
Mixed-type CEM,fold_target,4,sphericity,error_increase,384,-0.037248335468272366,0.05329805707463875,-0.035699665546417236,-1.3326279198128585e-05,0.53125
Mixed-type CEM,fold_target,4,spiculation,output_sensitivity,564,0.17041272453382506,0.1423778153566579,0.14281922578811646,-0.6213003598417797,0.024822695035460994
Mixed-type CEM,fold_target,4,spiculation,error_increase,564,-0.17002415509088664,0.1428416104445971,-0.14281922578811646,0.5773508622502603,0.9308510638297872
Mixed-type CEM,fold_target,4,subtlety,output_sensitivity,564,0.07111472567767961,0.056504275922255084,0.06124791502952576,-0.7305108602614478,0.0
Mixed-type CEM,fold_target,4,subtlety,error_increase,564,-0.007996138088387518,0.08298326303744029,-0.005056560039520264,-0.5407921556541895,0.09574468085106383
Mixed-type CEM,fold_target,4,texture,output_sensitivity,561,0.07506076346106708,0.061766688706776665,0.06203508377075195,-0.21967127217965968,0.11586452762923351
Mixed-type CEM,fold_target,4,texture,error_increase,561,-0.07328421270571078,0.06381648086236404,-0.06166362762451172,9.81650852547889e-05,0.6274509803921569
Mixed-type CEM,pooled_target,,calcification,output_sensitivity,1916,0.10279151768130027,0.17810255450281445,0.04358828067779541,-0.6843369876087054,0.04801670146137787
Mixed-type CEM,pooled_target,,calcification,error_increase,1916,-0.0407678810847183,0.20000255779404427,-0.0009472966194152832,0.1299337129472193,0.494258872651357
Mixed-type CEM,pooled_target,,internalStructure,output_sensitivity,1747,0.059532883214008896,0.08028375494973458,0.028423309326171875,-0.24077627585916161,0.1688609044075558
Mixed-type CEM,pooled_target,,internalStructure,error_increase,1747,-0.0028373287467186835,0.09990793290917842,-0.004232883453369141,-0.22878579833487753,0.28334287349742415
Mixed-type CEM,pooled_target,,lobulation,output_sensitivity,2486,0.0858894683786294,0.09399025832217146,0.05472901463508606,-0.40819848917112994,0.03901850362027353
Mixed-type CEM,pooled_target,,lobulation,error_increase,2486,-0.0845587085138284,0.09518925492042421,-0.05459558963775635,0.3508518781572916,0.8636363636363636
Mixed-type CEM,pooled_target,,malignancy,output_sensitivity,1267,0.026384711080328537,0.02424784733134468,0.020343899726867676,-0.31843268686601184,0.007103393843725336
Mixed-type CEM,pooled_target,,malignancy,error_increase,1267,0.005181461124749787,0.03414819232234145,0.0025476813316345215,-0.24685963270570754,0.15390686661404893
Mixed-type CEM,pooled_target,,margin,output_sensitivity,2626,0.04611508145549612,0.07477349730157944,0.017849266529083252,-0.33569105291802587,0.0753998476770754
Mixed-type CEM,pooled_target,,margin,error_increase,2626,-0.006132681895090931,0.079164276752043,0.0015622377395629883,-0.2778538977821455,0.37776085300837775
Mixed-type CEM,pooled_target,,sphericity,output_sensitivity,2446,0.027935749498589645,0.033600147519290496,0.014987587928771973,-0.19673578220047208,0.04987735077677841
Mixed-type CEM,pooled_target,,sphericity,error_increase,2446,-0.004755474415319139,0.04056481974572393,-0.002291671931743622,-0.06216001728213013,0.41210139002452983
Mixed-type CEM,pooled_target,,spiculation,output_sensitivity,2633,0.08274041671423327,0.09878484518087981,0.04934334754943848,-0.43922544363907345,0.039118875807064184
Mixed-type CEM,pooled_target,,spiculation,error_increase,2633,-0.08021286669856824,0.10084799557479111,-0.04900115728378296,0.337095003939268,0.8712495252563616
Mixed-type CEM,pooled_target,,subtlety,output_sensitivity,2595,0.042331519091290085,0.04295325109173948,0.028652608394622803,-0.5039405506659794,0.03121387283236994
Mixed-type CEM,pooled_target,,subtlety,error_increase,2595,-0.004468031508002283,0.05634802577015185,-0.0009943246841430664,-0.32320974361440963,0.2901734104046243
Mixed-type CEM,pooled_target,,texture,output_sensitivity,2600,0.034978051369006814,0.04343805121310686,0.018534034490585327,-0.23498480793948356,0.06923076923076923
Mixed-type CEM,pooled_target,,texture,error_increase,2600,-0.01578658509712953,0.052662034822335724,-0.0011185407638549805,-0.127905573370365,0.41192307692307695
Mixed-type CEM,pooled_model,,ALL,output_sensitivity,20316,0.05690002619442157,0.08896784182014186,0.026073575019836426,-0.37349718111195834,0.057934632801732625
Mixed-type CEM,pooled_model,,ALL,error_increase,20316,-0.02846488313194869,0.0999938298237624,-0.006203368306159973,-0.03724599080239795,0.4873990943099035
Learned-softmax GAM,fold_target,0,calcification,output_sensitivity,422,0.16550330881258887,0.1547987520475777,0.12892556190490723,-0.9566287277884322,0.08767772511848342
Learned-softmax GAM,fold_target,0,calcification,error_increase,422,0.04143278929294568,0.22245853437108795,0.006184101104736328,0.9900296756297373,0.9312796208530806
Learned-softmax GAM,fold_target,0,internalStructure,output_sensitivity,453,0.21963915919625995,0.18741754764598692,0.1880040168762207,-0.7103505654050815,0.0706401766004415
Learned-softmax GAM,fold_target,0,internalStructure,error_increase,453,-0.2156341565365823,0.19201199950219916,-0.1880040168762207,0.6153726838808712,0.82560706401766
Learned-softmax GAM,fold_target,0,lobulation,output_sensitivity,475,0.24570597813121584,0.21131690825393945,0.19954752922058105,-1.4971539983975848,0.00631578947368421
Learned-softmax GAM,fold_target,0,lobulation,error_increase,475,-0.2400713315625724,0.21769708120504233,-0.19954752922058105,1.4570748325455283,0.9831578947368421
Learned-softmax GAM,fold_target,0,malignancy,output_sensitivity,472,0.024530802210161493,0.023743151367416445,0.018296316266059875,-0.23889685565274274,0.012711864406779662
Learned-softmax GAM,fold_target,0,malignancy,error_increase,472,-0.0005799041821563467,0.032797731002757256,0.0,-0.14609974644010057,0.2521186440677966
Learned-softmax GAM,fold_target,0,margin,output_sensitivity,412,0.18674034796184996,0.1536688943896687,0.16573280096054077,-1.3586206791001512,0.009708737864077669
Learned-softmax GAM,fold_target,0,margin,error_increase,412,-0.10893335900176014,0.1906477952108216,-0.11734718084335327,-0.28291222631249063,0.3859223300970874
Learned-softmax GAM,fold_target,0,sphericity,output_sensitivity,479,0.11334128807432996,0.0944776118633597,0.09332889318466187,-0.5861902669820709,0.033402922755741124
Learned-softmax GAM,fold_target,0,sphericity,error_increase,479,-0.09118787472271773,0.11365671024878339,-0.07876098155975342,-0.1058162518246806,0.36325678496868474
Learned-softmax GAM,fold_target,0,spiculation,output_sensitivity,459,0.2890472549433802,0.25868229065617143,0.22167110443115234,-1.914024216573369,0.004357298474945534
Learned-softmax GAM,fold_target,0,spiculation,error_increase,459,-0.28558274610110096,0.2625020727894953,-0.22167110443115234,1.70807738018235,0.9803921568627451
Learned-softmax GAM,fold_target,0,subtlety,output_sensitivity,477,0.0761871269085997,0.08393493741431755,0.04949748516082764,-1.6571630586755308,0.0
Learned-softmax GAM,fold_target,0,subtlety,error_increase,477,0.004800432411775483,0.10726241794736165,0.0,-1.2026068256118,0.19077568134171907
Learned-softmax GAM,fold_target,0,texture,output_sensitivity,418,0.2759594959942134,0.2872451909797645,0.20757052302360535,-0.8151643994687634,0.1076555023923445
Learned-softmax GAM,fold_target,0,texture,error_increase,418,-0.19119716507116813,0.30645528253195,-0.14888215065002441,-0.10634978607362298,0.5167464114832536
Learned-softmax GAM,fold_target,1,calcification,output_sensitivity,482,0.17291296925782168,0.19214420370360044,0.10690546035766602,-0.8643752759509948,0.1078838174273859
Learned-softmax GAM,fold_target,1,calcification,error_increase,482,0.0955227565221272,0.23763578768556243,0.05086946487426758,-9.698202069666839e-05,0.5103734439834025
Learned-softmax GAM,fold_target,1,internalStructure,output_sensitivity,459,0.16834683464698022,0.14726875959139174,0.1316823959350586,-0.6224611657866417,0.1655773420479303
Learned-softmax GAM,fold_target,1,internalStructure,error_increase,459,-0.084525398617866,0.20675628678765284,-0.0802755355834961,0.25160000096653506,0.5729847494553377
Learned-softmax GAM,fold_target,1,lobulation,output_sensitivity,439,0.2687782128946113,0.21650252202786802,0.23663949966430664,-1.9239399422322887,0.004555808656036446
Learned-softmax GAM,fold_target,1,lobulation,error_increase,439,-0.26678150583372573,0.21895821043372235,-0.23663949966430664,1.6450234441085942,0.979498861047836
Learned-softmax GAM,fold_target,1,malignancy,output_sensitivity,463,0.025526945207662254,0.024468410033725456,0.01898392289876938,-0.31609285149329036,0.0
Learned-softmax GAM,fold_target,1,malignancy,error_increase,463,0.0038680293931859793,0.032366897043081454,0.0,-0.2342225496863036,0.11231101511879049
Learned-softmax GAM,fold_target,1,margin,output_sensitivity,497,0.2857451477740147,0.2609434568404414,0.22692835330963135,-1.0323439179681677,0.008048289738430584
Learned-softmax GAM,fold_target,1,margin,error_increase,497,-0.10620607785901802,0.3200174964794072,-0.08892345428466797,-0.3489589210338253,0.34004024144869216
Learned-softmax GAM,fold_target,1,sphericity,output_sensitivity,473,0.10566528780232272,0.11483651264938066,0.07253894209861755,-0.3903730395127946,0.07399577167019028
Learned-softmax GAM,fold_target,1,sphericity,error_increase,473,-0.04275233722524882,0.137784810551079,-0.01345294713973999,0.04183845686955329,0.4904862579281184
Learned-softmax GAM,fold_target,1,spiculation,output_sensitivity,484,0.3252132213328126,0.2309777101417736,0.30859826505184174,-1.9571396029762125,0.0
Learned-softmax GAM,fold_target,1,spiculation,error_increase,484,-0.324650428427214,0.23176807639109523,-0.30859826505184174,1.5906444378425535,0.9752066115702479
Learned-softmax GAM,fold_target,1,subtlety,output_sensitivity,502,0.18415822461247444,0.18918816031533045,0.13133001327514648,-1.2849912410780078,0.02390438247011952
Learned-softmax GAM,fold_target,1,subtlety,error_increase,502,0.055149170323949094,0.2363793660372705,0.006644010543823242,-1.0764814104263982,0.1593625498007968
Learned-softmax GAM,fold_target,1,texture,output_sensitivity,499,0.16479279144194894,0.20000179676457056,0.09229087829589844,-1.0917689673231172,0.04809619238476954
Learned-softmax GAM,fold_target,1,texture,error_increase,499,-0.03581256955941678,0.2386913695523258,-0.01360774040222168,-0.5035808219528355,0.3306613226452906
Learned-softmax GAM,fold_target,2,calcification,output_sensitivity,525,0.20766794553824833,0.2622184709902996,0.11896824836730957,-1.4101752507289251,0.06285714285714286
Learned-softmax GAM,fold_target,2,calcification,error_increase,525,0.1012274222998392,0.3184437662302773,0.03375101089477539,1.0303446112814403,0.7885714285714286
Learned-softmax GAM,fold_target,2,internalStructure,output_sensitivity,494,0.2710486538255746,0.2778835636536084,0.16698884963989258,-0.8091158063938986,0.12955465587044535
Learned-softmax GAM,fold_target,2,internalStructure,error_increase,494,-0.19415923108456107,0.33613812737346116,-0.09447288513183594,-0.21830781214693298,0.5
Learned-softmax GAM,fold_target,2,lobulation,output_sensitivity,528,0.2662671485591228,0.2607879171122168,0.18955585360527039,-1.4096832909720076,0.020833333333333332
Learned-softmax GAM,fold_target,2,lobulation,error_increase,528,-0.25092548853717744,0.275581079386654,-0.1860443353652954,1.369690145764881,0.9507575757575758
Learned-softmax GAM,fold_target,2,malignancy,output_sensitivity,514,0.026425376129499727,0.02599214517434573,0.019905105233192444,-0.32450787960660393,0.005836575875486381
Learned-softmax GAM,fold_target,2,malignancy,error_increase,514,0.00514329869774848,0.034993789115867785,0.0016301125288009644,-0.23138812830068906,0.13813229571984437
Learned-softmax GAM,fold_target,2,margin,output_sensitivity,539,0.16446520191840205,0.17030744442748688,0.10540294647216797,-1.3514860199484455,0.029684601113172542
Learned-softmax GAM,fold_target,2,margin,error_increase,539,-0.0868050390986948,0.20368539592814844,-0.055564284324645996,-0.3269590517746753,0.35992578849721707
Learned-softmax GAM,fold_target,2,sphericity,output_sensitivity,537,0.13183194058609074,0.13862882466224266,0.08110266923904419,-0.44544206770060857,0.0633147113594041
Learned-softmax GAM,fold_target,2,sphericity,error_increase,537,-0.06833484813728219,0.16212437792091064,-0.022911985715230232,-0.010495007705054847,0.4543761638733706
Learned-softmax GAM,fold_target,2,spiculation,output_sensitivity,367,0.4001088845327862,0.3484844794334993,0.32853639125823975,-1.5926350582323776,0.027247956403269755
Learned-softmax GAM,fold_target,2,spiculation,error_increase,367,-0.3843680880100997,0.365743776085772,-0.3266603946685791,1.2615956756160709,0.9427792915531336
Learned-softmax GAM,fold_target,2,subtlety,output_sensitivity,539,0.2310987638243939,0.2023873757676059,0.18427443504333496,-1.7169857694316009,0.0018552875695732839
Learned-softmax GAM,fold_target,2,subtlety,error_increase,539,0.04855062316955702,0.26332947270773177,0.04166054725646973,-1.5041931782570226,0.09090909090909091
Learned-softmax GAM,fold_target,2,texture,output_sensitivity,472,0.2220642311948399,0.21732516193461676,0.1510612815618515,-1.1666020801496078,0.07838983050847458
Learned-softmax GAM,fold_target,2,texture,error_increase,472,-0.07714263175214288,0.2807301738262676,-0.05898261070251465,-0.31382563910341826,0.4872881355932203
Learned-softmax GAM,fold_target,3,calcification,output_sensitivity,198,0.175879251475286,0.15489293235215232,0.1410820484161377,-0.7843948547192144,0.1111111111111111
Learned-softmax GAM,fold_target,3,calcification,error_increase,198,-0.0344710410243333,0.23147027773538478,0.02620983123779297,0.5082012632222037,0.803030303030303
Learned-softmax GAM,fold_target,3,internalStructure,output_sensitivity,476,0.16926452292113744,0.1663326348532291,0.12302422523498535,-1.3468366933720453,0.03571428571428571
Learned-softmax GAM,fold_target,3,internalStructure,error_increase,476,-0.1484491524576139,0.1851482467417772,-0.10751676559448242,1.316037976265955,0.930672268907563
Learned-softmax GAM,fold_target,3,lobulation,output_sensitivity,426,0.1227028284903983,0.13183472316040695,0.07583516836166382,-1.3836481204112125,0.0
Learned-softmax GAM,fold_target,3,lobulation,error_increase,426,-0.10911113301842985,0.1432869114809854,-0.0721387267112732,1.2659079903161012,0.9859154929577465
Learned-softmax GAM,fold_target,3,malignancy,output_sensitivity,426,0.01852594608956939,0.013987198520102988,0.016088224947452545,-0.24412253138220089,0.002347417840375587
Learned-softmax GAM,fold_target,3,malignancy,error_increase,426,0.002702932801907985,0.022552685801369862,0.0012611448764801025,-0.16883262481383035,0.1784037558685446
Learned-softmax GAM,fold_target,3,margin,output_sensitivity,549,0.19992264982597913,0.17393902901060718,0.16142404079437256,-0.9074932738278105,0.020036429872495445
Learned-softmax GAM,fold_target,3,margin,error_increase,549,-0.10562348523718358,0.23359601360149948,-0.08578401803970337,-0.19496993526453624,0.2877959927140255
Learned-softmax GAM,fold_target,3,sphericity,output_sensitivity,549,0.09584359341183972,0.1008071833277372,0.06283903121948242,-0.24148710078164556,0.15664845173041894
Learned-softmax GAM,fold_target,3,sphericity,error_increase,549,-0.0304649225727366,0.12456122967457287,0.0,-0.07741216134057173,0.3843351548269581
Learned-softmax GAM,fold_target,3,spiculation,output_sensitivity,410,0.23927503062366712,0.22890839657600448,0.15485942363739014,-1.7945211007589157,0.0
Learned-softmax GAM,fold_target,3,spiculation,error_increase,410,-0.21774382930612418,0.2494778930127069,-0.15216192603111267,1.5061069462700496,0.9560975609756097
Learned-softmax GAM,fold_target,3,subtlety,output_sensitivity,509,0.07390791726845714,0.07259571928417605,0.056662291288375854,-1.384582146207897,0.023575638506876228
Learned-softmax GAM,fold_target,3,subtlety,error_increase,509,0.021613860896226817,0.09677199362814504,0.011564970016479492,-1.0855540014224458,0.14341846758349705
Learned-softmax GAM,fold_target,3,texture,output_sensitivity,521,0.17183458136176535,0.16171606134755362,0.1379685401916504,-0.5201457732644883,0.09980806142034548
Learned-softmax GAM,fold_target,3,texture,error_increase,521,-0.09014786054009019,0.2087637822473102,-0.08592510223388672,-0.4177838935636542,0.26103646833013433
Learned-softmax GAM,fold_target,4,calcification,output_sensitivity,435,0.2917079809068263,0.28138821118837704,0.22104597091674805,-0.6421323536867383,0.1724137931034483
Learned-softmax GAM,fold_target,4,calcification,error_increase,435,0.05222090811565005,0.4011915685129368,0.0,0.03751337513156321,0.5402298850574713
Learned-softmax GAM,fold_target,4,internalStructure,output_sensitivity,511,0.2185246701809758,0.18844487313530597,0.17856764793395996,-1.7624313908466913,0.009784735812133072
Learned-softmax GAM,fold_target,4,internalStructure,error_increase,511,-0.20009695993710871,0.2079079322984405,-0.17451906204223633,1.587159156813168,0.9197651663405088
Learned-softmax GAM,fold_target,4,lobulation,output_sensitivity,485,0.4197108001630638,0.3310231320142107,0.3701622486114502,-2.2274498246372056,0.0
Learned-softmax GAM,fold_target,4,lobulation,error_increase,485,-0.41778091037473114,0.33340306224134597,-0.3701622486114502,1.340264564312969,0.8969072164948454
Learned-softmax GAM,fold_target,4,malignancy,output_sensitivity,486,0.030719764760614915,0.023742436143657956,0.026568910107016563,-0.37726721789825846,0.0
Learned-softmax GAM,fold_target,4,malignancy,error_increase,486,-0.0016666381621148194,0.03614090617135523,-0.0015461742877960205,-0.2809748711005691,0.10699588477366255
Learned-softmax GAM,fold_target,4,margin,output_sensitivity,562,0.2549103031471849,0.19527065274137315,0.23134778439998627,-0.8298664976829444,0.09608540925266904
Learned-softmax GAM,fold_target,4,margin,error_increase,562,-0.1361211050646479,0.273964445476892,-0.11637638509273529,-0.1321135082653329,0.4395017793594306
Learned-softmax GAM,fold_target,4,sphericity,output_sensitivity,564,0.16265655174547583,0.15228240434561566,0.12793102860450745,-0.6416776555299706,0.01773049645390071
Learned-softmax GAM,fold_target,4,sphericity,error_increase,564,-0.1329379987828081,0.17455444826714203,-0.10967415571212769,-0.08679092102518951,0.35638297872340424
Learned-softmax GAM,fold_target,4,spiculation,output_sensitivity,564,0.3338149481350622,0.3657393055056472,0.20439365692436695,-2.7582833154773483,0.0
Learned-softmax GAM,fold_target,4,spiculation,error_increase,564,-0.33268580448166435,0.36676127742131603,-0.20439365692436695,1.7451977331182769,0.9450354609929078
Learned-softmax GAM,fold_target,4,subtlety,output_sensitivity,496,0.19010646942690307,0.1589747160764242,0.15524480491876602,-2.330694177540875,0.0
Learned-softmax GAM,fold_target,4,subtlety,error_increase,496,0.05212884265871565,0.2213151732290548,0.022853434085845947,-1.8740612374402132,0.11491935483870967
Learned-softmax GAM,fold_target,4,texture,output_sensitivity,564,0.2626651781247863,0.2530264576478523,0.19071096181869507,-0.7927314007780284,0.10815602836879433
Learned-softmax GAM,fold_target,4,texture,error_increase,564,-0.14338638421244934,0.30937676675953735,-0.11282491683959961,-0.35724012301882496,0.40070921985815605
Learned-softmax GAM,pooled_target,,calcification,output_sensitivity,2062,0.2055912620733943,0.22864139922700533,0.1364809274673462,-0.9676556585140249,0.10620756547041707
Learned-softmax GAM,pooled_target,,calcification,error_increase,2062,0.0642879880408311,0.2998274008314958,0.02230513095855713,0.5216386357928011,0.7017458777885548
Learned-softmax GAM,pooled_target,,internalStructure,output_sensitivity,2393,0.21015536589287237,0.20322829706408926,0.15301823616027832,-1.0651476792105763,0.08106978687839532
Learned-softmax GAM,pooled_target,,internalStructure,error_increase,2393,-0.16937126374013045,0.23823160992309114,-0.1237788200378418,0.7203830225136701,0.7509402423735896
Learned-softmax GAM,pooled_target,,lobulation,output_sensitivity,2353,0.2682210677978217,0.2596546516596246,0.19468402862548828,-1.687130397686472,0.006799830004249894
Learned-softmax GAM,pooled_target,,lobulation,error_increase,2353,-0.26040998967210066,0.2674743105615062,-0.1940608024597168,1.4138450284543582,0.9579260518487038
Learned-softmax GAM,pooled_target,,malignancy,output_sensitivity,2361,0.02532910474914109,0.02330775570224638,0.01991325616836548,-0.30209886594436836,0.004235493434985175
Learned-softmax GAM,pooled_target,,malignancy,error_increase,2361,0.0019069468837505422,0.032476679039641985,0.0,-0.21381368246362073,0.1567132570944515
Learned-softmax GAM,pooled_target,,margin,output_sensitivity,2559,0.21907629181757196,0.20005241288350759,0.1719183288514614,-1.0808426693243205,0.03477921062915201
Learned-softmax GAM,pooled_target,,margin,error_increase,2559,-0.10900360887862429,0.25087824695529215,-0.090118408203125,-0.25303229230420277,0.3622508792497069
Learned-softmax GAM,pooled_target,,sphericity,output_sensitivity,2602,0.12275954580337502,0.12554532822697154,0.08663499355316162,-0.46084419368840024,0.06956187548039969
Learned-softmax GAM,pooled_target,,sphericity,error_increase,2602,-0.07390427930644934,0.15007681985689061,-0.03342583775520325,-0.049185845386824946,0.4081475787855496
Learned-softmax GAM,pooled_target,,spiculation,output_sensitivity,2284,0.31667698908559716,0.2985626249207275,0.23702239990234375,-2.058544304229127,0.005253940455341506
Learned-softmax GAM,pooled_target,,spiculation,error_increase,2284,-0.3091883274352247,0.30630400401236474,-0.2365221381187439,1.584360949133109,0.9601576182136602
Learned-softmax GAM,pooled_target,,subtlety,output_sensitivity,2523,0.15270030151311975,0.1654693199677362,0.10149513185024261,-1.6733112707939417,0.009908838684106223
Learned-softmax GAM,pooled_target,,subtlety,error_increase,2523,0.03686121157603369,0.2000194991866615,0.008379697799682617,-1.3503284214925826,0.13872374157748713
Learned-softmax GAM,pooled_target,,texture,output_sensitivity,2474,0.21829667208202805,0.23058041713025698,0.14466941356658936,-0.8707615494795472,0.08852061438965239
Learned-softmax GAM,pooled_target,,texture,error_increase,2474,-0.10591720510675713,0.27594030939013425,-0.06756442785263062,-0.3488341068388576,0.3932902182700081
Learned-softmax GAM,pooled_model,,ALL,output_sensitivity,21611,0.1918658461561043,0.22043123836144873,0.11423921585083008,-1.1230398498783372,0.044653185877562354
Learned-softmax GAM,pooled_model,,ALL,error_increase,21611,-0.1030701793189336,0.26490880903874936,-0.04083526134490967,0.19410271167037121,0.526259775114525
